code,link
AALI,https://query1.finance.yahoo.com/v7/finance/download/AALI.JK?period1=1514739600&period2=1527181200&interval=1d&events=history&crumb=uGMY0JmMIQu
ABBA,https://query1.finance.yahoo.com/v7/finance/download/ABBA.JK?period1=1514739600&period2=1527181200&interval=1d&events=history&crumb=uGMY0JmMIQu
ABDA,https://query1.finance.yahoo.com/v7/finance/download/ABDA.JK?period1=1514739600&period2=1527181200&interval=1d&events=history&crumb=uGMY0JmMIQu
ABMM,https://query1.finance.yahoo.com/v7/finance/download/ABMM.JK?period1=1514739600&period2=1527181200&interval=1d&events=history&crumb=uGMY0JmMIQu
ACES,https://query1.finance.yahoo.com/v7/finance/download/ACES.JK?period1=1514739600&period2=1527181200&interval=1d&events=history&crumb=uGMY0JmMIQu
ACST,https://query1.finance.yahoo.com/v7/finance/download/ACST.JK?period1=1514739600&period2=1527181200&interval=1d&events=history&crumb=uGMY0JmMIQu
ADES,https://query1.finance.yahoo.com/v7/finance/download/ADES.JK?period1=1514739600&period2=1527181200&interval=1d&events=history&crumb=uGMY0JmMIQu
ADHI,https://query1.finance.yahoo.com/v7/finance/download/ADHI.JK?period1=1514739600&period2=1527181200&interval=1d&events=history&crumb=uGMY0JmMIQu
ADMF,https://query1.finance.yahoo.com/v7/finance/download/ADMF.JK?period1=1514739600&period2=1527181200&interval=1d&events=history&crumb=uGMY0JmMIQu
ADMG,https://query1.finance.yahoo.com/v7/finance/download/ADMG.JK?period1=1514739600&period2=1527181200&interval=1d&events=history&crumb=uGMY0JmMIQu
ADRO,https://query1.finance.yahoo.com/v7/finance/download/ADRO.JK?period1=1514739600&period2=1527181200&interval=1d&events=history&crumb=uGMY0JmMIQu
AGII,https://query1.finance.yahoo.com/v7/finance/download/AGII.JK?period1=1514739600&period2=1527181200&interval=1d&events=history&crumb=uGMY0JmMIQu
AGRO,https://query1.finance.yahoo.com/v7/finance/download/AGRO.JK?period1=1514739600&period2=1527181200&interval=1d&events=history&crumb=uGMY0JmMIQu
AGRO-W,https://query1.finance.yahoo.com/v7/finance/download/AGRO-W.JK?period1=1514739600&period2=1527181200&interval=1d&events=history&crumb=uGMY0JmMIQu
AGRS,https://query1.finance.yahoo.com/v7/finance/download/AGRS.JK?period1=1514739600&period2=1527181200&interval=1d&events=history&crumb=uGMY0JmMIQu
AHAP,https://query1.finance.yahoo.com/v7/finance/download/AHAP.JK?period1=1514739600&period2=1527181200&interval=1d&events=history&crumb=uGMY0JmMIQu
AIMS,https://query1.finance.yahoo.com/v7/finance/download/AIMS.JK?period1=1514739600&period2=1527181200&interval=1d&events=history&crumb=uGMY0JmMIQu
AISA,https://query1.finance.yahoo.com/v7/finance/download/AISA.JK?period1=1514739600&period2=1527181200&interval=1d&events=history&crumb=uGMY0JmMIQu
AKKU,https://query1.finance.yahoo.com/v7/finance/download/AKKU.JK?period1=1514739600&period2=1527181200&interval=1d&events=history&crumb=uGMY0JmMIQu
AKPI,https://query1.finance.yahoo.com/v7/finance/download/AKPI.JK?period1=1514739600&period2=1527181200&interval=1d&events=history&crumb=uGMY0JmMIQu
AKRA,https://query1.finance.yahoo.com/v7/finance/download/AKRA.JK?period1=1514739600&period2=1527181200&interval=1d&events=history&crumb=uGMY0JmMIQu
AKSI,https://query1.finance.yahoo.com/v7/finance/download/AKSI.JK?period1=1514739600&period2=1527181200&interval=1d&events=history&crumb=uGMY0JmMIQu
ALDO,https://query1.finance.yahoo.com/v7/finance/download/ALDO.JK?period1=1514739600&period2=1527181200&interval=1d&events=history&crumb=uGMY0JmMIQu
ALKA,https://query1.finance.yahoo.com/v7/finance/download/ALKA.JK?period1=1514739600&period2=1527181200&interval=1d&events=history&crumb=uGMY0JmMIQu
ALMI,https://query1.finance.yahoo.com/v7/finance/download/ALMI.JK?period1=1514739600&period2=1527181200&interval=1d&events=history&crumb=uGMY0JmMIQu
ALTO,https://query1.finance.yahoo.com/v7/finance/download/ALTO.JK?period1=1514739600&period2=1527181200&interval=1d&events=history&crumb=uGMY0JmMIQu
AMAG,https://query1.finance.yahoo.com/v7/finance/download/AMAG.JK?period1=1514739600&period2=1527181200&interval=1d&events=history&crumb=uGMY0JmMIQu
AMFG,https://query1.finance.yahoo.com/v7/finance/download/AMFG.JK?period1=1514739600&period2=1527181200&interval=1d&events=history&crumb=uGMY0JmMIQu
AMIN,https://query1.finance.yahoo.com/v7/finance/download/AMIN.JK?period1=1514739600&period2=1527181200&interval=1d&events=history&crumb=uGMY0JmMIQu
AMRT,https://query1.finance.yahoo.com/v7/finance/download/AMRT.JK?period1=1514739600&period2=1527181200&interval=1d&events=history&crumb=uGMY0JmMIQu
ANJT,https://query1.finance.yahoo.com/v7/finance/download/ANJT.JK?period1=1514739600&period2=1527181200&interval=1d&events=history&crumb=uGMY0JmMIQu
ANTM,https://query1.finance.yahoo.com/v7/finance/download/ANTM.JK?period1=1514739600&period2=1527181200&interval=1d&events=history&crumb=uGMY0JmMIQu
APEX,https://query1.finance.yahoo.com/v7/finance/download/APEX.JK?period1=1514739600&period2=1527181200&interval=1d&events=history&crumb=uGMY0JmMIQu
APIC,https://query1.finance.yahoo.com/v7/finance/download/APIC.JK?period1=1514739600&period2=1527181200&interval=1d&events=history&crumb=uGMY0JmMIQu
APIC-W,https://query1.finance.yahoo.com/v7/finance/download/APIC-W.JK?period1=1514739600&period2=1527181200&interval=1d&events=history&crumb=uGMY0JmMIQu
APII,https://query1.finance.yahoo.com/v7/finance/download/APII.JK?period1=1514739600&period2=1527181200&interval=1d&events=history&crumb=uGMY0JmMIQu
APLI,https://query1.finance.yahoo.com/v7/finance/download/APLI.JK?period1=1514739600&period2=1527181200&interval=1d&events=history&crumb=uGMY0JmMIQu
APLN,https://query1.finance.yahoo.com/v7/finance/download/APLN.JK?period1=1514739600&period2=1527181200&interval=1d&events=history&crumb=uGMY0JmMIQu
APOL,https://query1.finance.yahoo.com/v7/finance/download/APOL.JK?period1=1514739600&period2=1527181200&interval=1d&events=history&crumb=uGMY0JmMIQu
ARGO,https://query1.finance.yahoo.com/v7/finance/download/ARGO.JK?period1=1514739600&period2=1527181200&interval=1d&events=history&crumb=uGMY0JmMIQu
ARII,https://query1.finance.yahoo.com/v7/finance/download/ARII.JK?period1=1514739600&period2=1527181200&interval=1d&events=history&crumb=uGMY0JmMIQu
ARMY,https://query1.finance.yahoo.com/v7/finance/download/ARMY.JK?period1=1514739600&period2=1527181200&interval=1d&events=history&crumb=uGMY0JmMIQu
ARNA,https://query1.finance.yahoo.com/v7/finance/download/ARNA.JK?period1=1514739600&period2=1527181200&interval=1d&events=history&crumb=uGMY0JmMIQu
ARTA,https://query1.finance.yahoo.com/v7/finance/download/ARTA.JK?period1=1514739600&period2=1527181200&interval=1d&events=history&crumb=uGMY0JmMIQu
ARTI,https://query1.finance.yahoo.com/v7/finance/download/ARTI.JK?period1=1514739600&period2=1527181200&interval=1d&events=history&crumb=uGMY0JmMIQu
ARTO,https://query1.finance.yahoo.com/v7/finance/download/ARTO.JK?period1=1514739600&period2=1527181200&interval=1d&events=history&crumb=uGMY0JmMIQu
ASBI,https://query1.finance.yahoo.com/v7/finance/download/ASBI.JK?period1=1514739600&period2=1527181200&interval=1d&events=history&crumb=uGMY0JmMIQu
ASDM,https://query1.finance.yahoo.com/v7/finance/download/ASDM.JK?period1=1514739600&period2=1527181200&interval=1d&events=history&crumb=uGMY0JmMIQu
ASGR,https://query1.finance.yahoo.com/v7/finance/download/ASGR.JK?period1=1514739600&period2=1527181200&interval=1d&events=history&crumb=uGMY0JmMIQu
ASIA,https://query1.finance.yahoo.com/v7/finance/download/ASIA.JK?period1=1514739600&period2=1527181200&interval=1d&events=history&crumb=uGMY0JmMIQu
ASII,https://query1.finance.yahoo.com/v7/finance/download/ASII.JK?period1=1514739600&period2=1527181200&interval=1d&events=history&crumb=uGMY0JmMIQu
ASJT,https://query1.finance.yahoo.com/v7/finance/download/ASJT.JK?period1=1514739600&period2=1527181200&interval=1d&events=history&crumb=uGMY0JmMIQu
ASMI,https://query1.finance.yahoo.com/v7/finance/download/ASMI.JK?period1=1514739600&period2=1527181200&interval=1d&events=history&crumb=uGMY0JmMIQu
ASRI,https://query1.finance.yahoo.com/v7/finance/download/ASRI.JK?period1=1514739600&period2=1527181200&interval=1d&events=history&crumb=uGMY0JmMIQu
ASRM,https://query1.finance.yahoo.com/v7/finance/download/ASRM.JK?period1=1514739600&period2=1527181200&interval=1d&events=history&crumb=uGMY0JmMIQu
ASSA,https://query1.finance.yahoo.com/v7/finance/download/ASSA.JK?period1=1514739600&period2=1527181200&interval=1d&events=history&crumb=uGMY0JmMIQu
ATIC,https://query1.finance.yahoo.com/v7/finance/download/ATIC.JK?period1=1514739600&period2=1527181200&interval=1d&events=history&crumb=uGMY0JmMIQu
ATPK,https://query1.finance.yahoo.com/v7/finance/download/ATPK.JK?period1=1514739600&period2=1527181200&interval=1d&events=history&crumb=uGMY0JmMIQu
AUTO,https://query1.finance.yahoo.com/v7/finance/download/AUTO.JK?period1=1514739600&period2=1527181200&interval=1d&events=history&crumb=uGMY0JmMIQu
BABP,https://query1.finance.yahoo.com/v7/finance/download/BABP.JK?period1=1514739600&period2=1527181200&interval=1d&events=history&crumb=uGMY0JmMIQu
BABP-W2,https://query1.finance.yahoo.com/v7/finance/download/BABP-W2.JK?period1=1514739600&period2=1527181200&interval=1d&events=history&crumb=uGMY0JmMIQu
BACA,https://query1.finance.yahoo.com/v7/finance/download/BACA.JK?period1=1514739600&period2=1527181200&interval=1d&events=history&crumb=uGMY0JmMIQu
BACA-W,https://query1.finance.yahoo.com/v7/finance/download/BACA-W.JK?period1=1514739600&period2=1527181200&interval=1d&events=history&crumb=uGMY0JmMIQu
BACA-W2,https://query1.finance.yahoo.com/v7/finance/download/BACA-W2.JK?period1=1514739600&period2=1527181200&interval=1d&events=history&crumb=uGMY0JmMIQu
BAEK,https://query1.finance.yahoo.com/v7/finance/download/BAEK.JK?period1=1514739600&period2=1527181200&interval=1d&events=history&crumb=uGMY0JmMIQu
BAJA,https://query1.finance.yahoo.com/v7/finance/download/BAJA.JK?period1=1514739600&period2=1527181200&interval=1d&events=history&crumb=uGMY0JmMIQu
BALI,https://query1.finance.yahoo.com/v7/finance/download/BALI.JK?period1=1514739600&period2=1527181200&interval=1d&events=history&crumb=uGMY0JmMIQu
BALI-W,https://query1.finance.yahoo.com/v7/finance/download/BALI-W.JK?period1=1514739600&period2=1527181200&interval=1d&events=history&crumb=uGMY0JmMIQu
BAPA,https://query1.finance.yahoo.com/v7/finance/download/BAPA.JK?period1=1514739600&period2=1527181200&interval=1d&events=history&crumb=uGMY0JmMIQu
BATA,https://query1.finance.yahoo.com/v7/finance/download/BATA.JK?period1=1514739600&period2=1527181200&interval=1d&events=history&crumb=uGMY0JmMIQu
BAYU,https://query1.finance.yahoo.com/v7/finance/download/BAYU.JK?period1=1514739600&period2=1527181200&interval=1d&events=history&crumb=uGMY0JmMIQu
BBCA,https://query1.finance.yahoo.com/v7/finance/download/BBCA.JK?period1=1514739600&period2=1527181200&interval=1d&events=history&crumb=uGMY0JmMIQu
BBHI,https://query1.finance.yahoo.com/v7/finance/download/BBHI.JK?period1=1514739600&period2=1527181200&interval=1d&events=history&crumb=uGMY0JmMIQu
BBKP,https://query1.finance.yahoo.com/v7/finance/download/BBKP.JK?period1=1514739600&period2=1527181200&interval=1d&events=history&crumb=uGMY0JmMIQu
BBLD,https://query1.finance.yahoo.com/v7/finance/download/BBLD.JK?period1=1514739600&period2=1527181200&interval=1d&events=history&crumb=uGMY0JmMIQu
BBMD,https://query1.finance.yahoo.com/v7/finance/download/BBMD.JK?period1=1514739600&period2=1527181200&interval=1d&events=history&crumb=uGMY0JmMIQu
BBNI,https://query1.finance.yahoo.com/v7/finance/download/BBNI.JK?period1=1514739600&period2=1527181200&interval=1d&events=history&crumb=uGMY0JmMIQu
BBNP,https://query1.finance.yahoo.com/v7/finance/download/BBNP.JK?period1=1514739600&period2=1527181200&interval=1d&events=history&crumb=uGMY0JmMIQu
BBRI,https://query1.finance.yahoo.com/v7/finance/download/BBRI.JK?period1=1514739600&period2=1527181200&interval=1d&events=history&crumb=uGMY0JmMIQu
BBRM,https://query1.finance.yahoo.com/v7/finance/download/BBRM.JK?period1=1514739600&period2=1527181200&interval=1d&events=history&crumb=uGMY0JmMIQu
BBTN,https://query1.finance.yahoo.com/v7/finance/download/BBTN.JK?period1=1514739600&period2=1527181200&interval=1d&events=history&crumb=uGMY0JmMIQu
BBYB,https://query1.finance.yahoo.com/v7/finance/download/BBYB.JK?period1=1514739600&period2=1527181200&interval=1d&events=history&crumb=uGMY0JmMIQu
BBYB-W,https://query1.finance.yahoo.com/v7/finance/download/BBYB-W.JK?period1=1514739600&period2=1527181200&interval=1d&events=history&crumb=uGMY0JmMIQu
BCAP,https://query1.finance.yahoo.com/v7/finance/download/BCAP.JK?period1=1514739600&period2=1527181200&interval=1d&events=history&crumb=uGMY0JmMIQu
BCIC,https://query1.finance.yahoo.com/v7/finance/download/BCIC.JK?period1=1514739600&period2=1527181200&interval=1d&events=history&crumb=uGMY0JmMIQu
BCIP,https://query1.finance.yahoo.com/v7/finance/download/BCIP.JK?period1=1514739600&period2=1527181200&interval=1d&events=history&crumb=uGMY0JmMIQu
BDMN,https://query1.finance.yahoo.com/v7/finance/download/BDMN.JK?period1=1514739600&period2=1527181200&interval=1d&events=history&crumb=uGMY0JmMIQu
BEKS,https://query1.finance.yahoo.com/v7/finance/download/BEKS.JK?period1=1514739600&period2=1527181200&interval=1d&events=history&crumb=uGMY0JmMIQu
BELL,https://query1.finance.yahoo.com/v7/finance/download/BELL.JK?period1=1514739600&period2=1527181200&interval=1d&events=history&crumb=uGMY0JmMIQu
BEST,https://query1.finance.yahoo.com/v7/finance/download/BEST.JK?period1=1514739600&period2=1527181200&interval=1d&events=history&crumb=uGMY0JmMIQu
BFIN,https://query1.finance.yahoo.com/v7/finance/download/BFIN.JK?period1=1514739600&period2=1527181200&interval=1d&events=history&crumb=uGMY0JmMIQu
BGTG,https://query1.finance.yahoo.com/v7/finance/download/BGTG.JK?period1=1514739600&period2=1527181200&interval=1d&events=history&crumb=uGMY0JmMIQu
BHIT,https://query1.finance.yahoo.com/v7/finance/download/BHIT.JK?period1=1514739600&period2=1527181200&interval=1d&events=history&crumb=uGMY0JmMIQu
BIKA,https://query1.finance.yahoo.com/v7/finance/download/BIKA.JK?period1=1514739600&period2=1527181200&interval=1d&events=history&crumb=uGMY0JmMIQu
BIMA,https://query1.finance.yahoo.com/v7/finance/download/BIMA.JK?period1=1514739600&period2=1527181200&interval=1d&events=history&crumb=uGMY0JmMIQu
BINA,https://query1.finance.yahoo.com/v7/finance/download/BINA.JK?period1=1514739600&period2=1527181200&interval=1d&events=history&crumb=uGMY0JmMIQu
BIPI,https://query1.finance.yahoo.com/v7/finance/download/BIPI.JK?period1=1514739600&period2=1527181200&interval=1d&events=history&crumb=uGMY0JmMIQu
BIPP,https://query1.finance.yahoo.com/v7/finance/download/BIPP.JK?period1=1514739600&period2=1527181200&interval=1d&events=history&crumb=uGMY0JmMIQu
BIPP-W,https://query1.finance.yahoo.com/v7/finance/download/BIPP-W.JK?period1=1514739600&period2=1527181200&interval=1d&events=history&crumb=uGMY0JmMIQu
BIPP-W2,https://query1.finance.yahoo.com/v7/finance/download/BIPP-W2.JK?period1=1514739600&period2=1527181200&interval=1d&events=history&crumb=uGMY0JmMIQu
BIRD,https://query1.finance.yahoo.com/v7/finance/download/BIRD.JK?period1=1514739600&period2=1527181200&interval=1d&events=history&crumb=uGMY0JmMIQu
BISI,https://query1.finance.yahoo.com/v7/finance/download/BISI.JK?period1=1514739600&period2=1527181200&interval=1d&events=history&crumb=uGMY0JmMIQu
BJBR,https://query1.finance.yahoo.com/v7/finance/download/BJBR.JK?period1=1514739600&period2=1527181200&interval=1d&events=history&crumb=uGMY0JmMIQu
BJTM,https://query1.finance.yahoo.com/v7/finance/download/BJTM.JK?period1=1514739600&period2=1527181200&interval=1d&events=history&crumb=uGMY0JmMIQu
BKDP,https://query1.finance.yahoo.com/v7/finance/download/BKDP.JK?period1=1514739600&period2=1527181200&interval=1d&events=history&crumb=uGMY0JmMIQu
BKSL,https://query1.finance.yahoo.com/v7/finance/download/BKSL.JK?period1=1514739600&period2=1527181200&interval=1d&events=history&crumb=uGMY0JmMIQu
BKSL-W,https://query1.finance.yahoo.com/v7/finance/download/BKSL-W.JK?period1=1514739600&period2=1527181200&interval=1d&events=history&crumb=uGMY0JmMIQu
BKSW,https://query1.finance.yahoo.com/v7/finance/download/BKSW.JK?period1=1514739600&period2=1527181200&interval=1d&events=history&crumb=uGMY0JmMIQu
BLTA,https://query1.finance.yahoo.com/v7/finance/download/BLTA.JK?period1=1514739600&period2=1527181200&interval=1d&events=history&crumb=uGMY0JmMIQu
BLTZ,https://query1.finance.yahoo.com/v7/finance/download/BLTZ.JK?period1=1514739600&period2=1527181200&interval=1d&events=history&crumb=uGMY0JmMIQu
BMAS,https://query1.finance.yahoo.com/v7/finance/download/BMAS.JK?period1=1514739600&period2=1527181200&interval=1d&events=history&crumb=uGMY0JmMIQu
BMRI,https://query1.finance.yahoo.com/v7/finance/download/BMRI.JK?period1=1514739600&period2=1527181200&interval=1d&events=history&crumb=uGMY0JmMIQu
BMSR,https://query1.finance.yahoo.com/v7/finance/download/BMSR.JK?period1=1514739600&period2=1527181200&interval=1d&events=history&crumb=uGMY0JmMIQu
BMTR,https://query1.finance.yahoo.com/v7/finance/download/BMTR.JK?period1=1514739600&period2=1527181200&interval=1d&events=history&crumb=uGMY0JmMIQu
BNBA,https://query1.finance.yahoo.com/v7/finance/download/BNBA.JK?period1=1514739600&period2=1527181200&interval=1d&events=history&crumb=uGMY0JmMIQu
BNBR,https://query1.finance.yahoo.com/v7/finance/download/BNBR.JK?period1=1514739600&period2=1527181200&interval=1d&events=history&crumb=uGMY0JmMIQu
BNGA,https://query1.finance.yahoo.com/v7/finance/download/BNGA.JK?period1=1514739600&period2=1527181200&interval=1d&events=history&crumb=uGMY0JmMIQu
BNII,https://query1.finance.yahoo.com/v7/finance/download/BNII.JK?period1=1514739600&period2=1527181200&interval=1d&events=history&crumb=uGMY0JmMIQu
BNLI,https://query1.finance.yahoo.com/v7/finance/download/BNLI.JK?period1=1514739600&period2=1527181200&interval=1d&events=history&crumb=uGMY0JmMIQu
BOGA,https://query1.finance.yahoo.com/v7/finance/download/BOGA.JK?period1=1514739600&period2=1527181200&interval=1d&events=history&crumb=uGMY0JmMIQu
BOLT,https://query1.finance.yahoo.com/v7/finance/download/BOLT.JK?period1=1514739600&period2=1527181200&interval=1d&events=history&crumb=uGMY0JmMIQu
BORN,https://query1.finance.yahoo.com/v7/finance/download/BORN.JK?period1=1514739600&period2=1527181200&interval=1d&events=history&crumb=uGMY0JmMIQu
BPFI,https://query1.finance.yahoo.com/v7/finance/download/BPFI.JK?period1=1514739600&period2=1527181200&interval=1d&events=history&crumb=uGMY0JmMIQu
BPII,https://query1.finance.yahoo.com/v7/finance/download/BPII.JK?period1=1514739600&period2=1527181200&interval=1d&events=history&crumb=uGMY0JmMIQu
BRAM,https://query1.finance.yahoo.com/v7/finance/download/BRAM.JK?period1=1514739600&period2=1527181200&interval=1d&events=history&crumb=uGMY0JmMIQu
BRAU,https://query1.finance.yahoo.com/v7/finance/download/BRAU.JK?period1=1514739600&period2=1527181200&interval=1d&events=history&crumb=uGMY0JmMIQu
BRMS,https://query1.finance.yahoo.com/v7/finance/download/BRMS.JK?period1=1514739600&period2=1527181200&interval=1d&events=history&crumb=uGMY0JmMIQu
BRNA,https://query1.finance.yahoo.com/v7/finance/download/BRNA.JK?period1=1514739600&period2=1527181200&interval=1d&events=history&crumb=uGMY0JmMIQu
BRPT,https://query1.finance.yahoo.com/v7/finance/download/BRPT.JK?period1=1514739600&period2=1527181200&interval=1d&events=history&crumb=uGMY0JmMIQu
BSDE,https://query1.finance.yahoo.com/v7/finance/download/BSDE.JK?period1=1514739600&period2=1527181200&interval=1d&events=history&crumb=uGMY0JmMIQu
BSIM,https://query1.finance.yahoo.com/v7/finance/download/BSIM.JK?period1=1514739600&period2=1527181200&interval=1d&events=history&crumb=uGMY0JmMIQu
BSIM-W3,https://query1.finance.yahoo.com/v7/finance/download/BSIM-W3.JK?period1=1514739600&period2=1527181200&interval=1d&events=history&crumb=uGMY0JmMIQu
BSSR,https://query1.finance.yahoo.com/v7/finance/download/BSSR.JK?period1=1514739600&period2=1527181200&interval=1d&events=history&crumb=uGMY0JmMIQu
BSWD,https://query1.finance.yahoo.com/v7/finance/download/BSWD.JK?period1=1514739600&period2=1527181200&interval=1d&events=history&crumb=uGMY0JmMIQu
BTEK,https://query1.finance.yahoo.com/v7/finance/download/BTEK.JK?period1=1514739600&period2=1527181200&interval=1d&events=history&crumb=uGMY0JmMIQu
BTEL,https://query1.finance.yahoo.com/v7/finance/download/BTEL.JK?period1=1514739600&period2=1527181200&interval=1d&events=history&crumb=uGMY0JmMIQu
BTON,https://query1.finance.yahoo.com/v7/finance/download/BTON.JK?period1=1514739600&period2=1527181200&interval=1d&events=history&crumb=uGMY0JmMIQu
BTPN,https://query1.finance.yahoo.com/v7/finance/download/BTPN.JK?period1=1514739600&period2=1527181200&interval=1d&events=history&crumb=uGMY0JmMIQu
BUDI,https://query1.finance.yahoo.com/v7/finance/download/BUDI.JK?period1=1514739600&period2=1527181200&interval=1d&events=history&crumb=uGMY0JmMIQu
BUKK,https://query1.finance.yahoo.com/v7/finance/download/BUKK.JK?period1=1514739600&period2=1527181200&interval=1d&events=history&crumb=uGMY0JmMIQu
BULL,https://query1.finance.yahoo.com/v7/finance/download/BULL.JK?period1=1514739600&period2=1527181200&interval=1d&events=history&crumb=uGMY0JmMIQu
BULL-W,https://query1.finance.yahoo.com/v7/finance/download/BULL-W.JK?period1=1514739600&period2=1527181200&interval=1d&events=history&crumb=uGMY0JmMIQu
BUMI,https://query1.finance.yahoo.com/v7/finance/download/BUMI.JK?period1=1514739600&period2=1527181200&interval=1d&events=history&crumb=uGMY0JmMIQu
BUVA,https://query1.finance.yahoo.com/v7/finance/download/BUVA.JK?period1=1514739600&period2=1527181200&interval=1d&events=history&crumb=uGMY0JmMIQu
BVIC,https://query1.finance.yahoo.com/v7/finance/download/BVIC.JK?period1=1514739600&period2=1527181200&interval=1d&events=history&crumb=uGMY0JmMIQu
BWPT,https://query1.finance.yahoo.com/v7/finance/download/BWPT.JK?period1=1514739600&period2=1527181200&interval=1d&events=history&crumb=uGMY0JmMIQu
BYAN,https://query1.finance.yahoo.com/v7/finance/download/BYAN.JK?period1=1514739600&period2=1527181200&interval=1d&events=history&crumb=uGMY0JmMIQu
CAMP,https://query1.finance.yahoo.com/v7/finance/download/CAMP.JK?period1=1514739600&period2=1527181200&interval=1d&events=history&crumb=uGMY0JmMIQu
CANI,https://query1.finance.yahoo.com/v7/finance/download/CANI.JK?period1=1514739600&period2=1527181200&interval=1d&events=history&crumb=uGMY0JmMIQu
CARS,https://query1.finance.yahoo.com/v7/finance/download/CARS.JK?period1=1514739600&period2=1527181200&interval=1d&events=history&crumb=uGMY0JmMIQu
CASA,https://query1.finance.yahoo.com/v7/finance/download/CASA.JK?period1=1514739600&period2=1527181200&interval=1d&events=history&crumb=uGMY0JmMIQu
CASA-W,https://query1.finance.yahoo.com/v7/finance/download/CASA-W.JK?period1=1514739600&period2=1527181200&interval=1d&events=history&crumb=uGMY0JmMIQu
CASS,https://query1.finance.yahoo.com/v7/finance/download/CASS.JK?period1=1514739600&period2=1527181200&interval=1d&events=history&crumb=uGMY0JmMIQu
CEKA,https://query1.finance.yahoo.com/v7/finance/download/CEKA.JK?period1=1514739600&period2=1527181200&interval=1d&events=history&crumb=uGMY0JmMIQu
CENT,https://query1.finance.yahoo.com/v7/finance/download/CENT.JK?period1=1514739600&period2=1527181200&interval=1d&events=history&crumb=uGMY0JmMIQu
CFIN,https://query1.finance.yahoo.com/v7/finance/download/CFIN.JK?period1=1514739600&period2=1527181200&interval=1d&events=history&crumb=uGMY0JmMIQu
CINT,https://query1.finance.yahoo.com/v7/finance/download/CINT.JK?period1=1514739600&period2=1527181200&interval=1d&events=history&crumb=uGMY0JmMIQu
CITA,https://query1.finance.yahoo.com/v7/finance/download/CITA.JK?period1=1514739600&period2=1527181200&interval=1d&events=history&crumb=uGMY0JmMIQu
CKRA,https://query1.finance.yahoo.com/v7/finance/download/CKRA.JK?period1=1514739600&period2=1527181200&interval=1d&events=history&crumb=uGMY0JmMIQu
CLEO,https://query1.finance.yahoo.com/v7/finance/download/CLEO.JK?period1=1514739600&period2=1527181200&interval=1d&events=history&crumb=uGMY0JmMIQu
CLPI,https://query1.finance.yahoo.com/v7/finance/download/CLPI.JK?period1=1514739600&period2=1527181200&interval=1d&events=history&crumb=uGMY0JmMIQu
CMNP,https://query1.finance.yahoo.com/v7/finance/download/CMNP.JK?period1=1514739600&period2=1527181200&interval=1d&events=history&crumb=uGMY0JmMIQu
CMPP,https://query1.finance.yahoo.com/v7/finance/download/CMPP.JK?period1=1514739600&period2=1527181200&interval=1d&events=history&crumb=uGMY0JmMIQu
CNKO,https://query1.finance.yahoo.com/v7/finance/download/CNKO.JK?period1=1514739600&period2=1527181200&interval=1d&events=history&crumb=uGMY0JmMIQu
CNTB,https://query1.finance.yahoo.com/v7/finance/download/CNTB.JK?period1=1514739600&period2=1527181200&interval=1d&events=history&crumb=uGMY0JmMIQu
CNTX,https://query1.finance.yahoo.com/v7/finance/download/CNTX.JK?period1=1514739600&period2=1527181200&interval=1d&events=history&crumb=uGMY0JmMIQu
COWL,https://query1.finance.yahoo.com/v7/finance/download/COWL.JK?period1=1514739600&period2=1527181200&interval=1d&events=history&crumb=uGMY0JmMIQu
CPGT,https://query1.finance.yahoo.com/v7/finance/download/CPGT.JK?period1=1514739600&period2=1527181200&interval=1d&events=history&crumb=uGMY0JmMIQu
CPIN,https://query1.finance.yahoo.com/v7/finance/download/CPIN.JK?period1=1514739600&period2=1527181200&interval=1d&events=history&crumb=uGMY0JmMIQu
CPRO,https://query1.finance.yahoo.com/v7/finance/download/CPRO.JK?period1=1514739600&period2=1527181200&interval=1d&events=history&crumb=uGMY0JmMIQu
CSAP,https://query1.finance.yahoo.com/v7/finance/download/CSAP.JK?period1=1514739600&period2=1527181200&interval=1d&events=history&crumb=uGMY0JmMIQu
CSIS,https://query1.finance.yahoo.com/v7/finance/download/CSIS.JK?period1=1514739600&period2=1527181200&interval=1d&events=history&crumb=uGMY0JmMIQu
CTBN,https://query1.finance.yahoo.com/v7/finance/download/CTBN.JK?period1=1514739600&period2=1527181200&interval=1d&events=history&crumb=uGMY0JmMIQu
CTRA,https://query1.finance.yahoo.com/v7/finance/download/CTRA.JK?period1=1514739600&period2=1527181200&interval=1d&events=history&crumb=uGMY0JmMIQu
CTTH,https://query1.finance.yahoo.com/v7/finance/download/CTTH.JK?period1=1514739600&period2=1527181200&interval=1d&events=history&crumb=uGMY0JmMIQu
DAJK,https://query1.finance.yahoo.com/v7/finance/download/DAJK.JK?period1=1514739600&period2=1527181200&interval=1d&events=history&crumb=uGMY0JmMIQu
DART,https://query1.finance.yahoo.com/v7/finance/download/DART.JK?period1=1514739600&period2=1527181200&interval=1d&events=history&crumb=uGMY0JmMIQu
DAVO,https://query1.finance.yahoo.com/v7/finance/download/DAVO.JK?period1=1514739600&period2=1527181200&interval=1d&events=history&crumb=uGMY0JmMIQu
DAYA,https://query1.finance.yahoo.com/v7/finance/download/DAYA.JK?period1=1514739600&period2=1527181200&interval=1d&events=history&crumb=uGMY0JmMIQu
DEFI,https://query1.finance.yahoo.com/v7/finance/download/DEFI.JK?period1=1514739600&period2=1527181200&interval=1d&events=history&crumb=uGMY0JmMIQu
DEWA,https://query1.finance.yahoo.com/v7/finance/download/DEWA.JK?period1=1514739600&period2=1527181200&interval=1d&events=history&crumb=uGMY0JmMIQu
DGIK,https://query1.finance.yahoo.com/v7/finance/download/DGIK.JK?period1=1514739600&period2=1527181200&interval=1d&events=history&crumb=uGMY0JmMIQu
DILD,https://query1.finance.yahoo.com/v7/finance/download/DILD.JK?period1=1514739600&period2=1527181200&interval=1d&events=history&crumb=uGMY0JmMIQu
DKFT,https://query1.finance.yahoo.com/v7/finance/download/DKFT.JK?period1=1514739600&period2=1527181200&interval=1d&events=history&crumb=uGMY0JmMIQu
DLTA,https://query1.finance.yahoo.com/v7/finance/download/DLTA.JK?period1=1514739600&period2=1527181200&interval=1d&events=history&crumb=uGMY0JmMIQu
DMAS,https://query1.finance.yahoo.com/v7/finance/download/DMAS.JK?period1=1514739600&period2=1527181200&interval=1d&events=history&crumb=uGMY0JmMIQu
DNAR,https://query1.finance.yahoo.com/v7/finance/download/DNAR.JK?period1=1514739600&period2=1527181200&interval=1d&events=history&crumb=uGMY0JmMIQu
DNET,https://query1.finance.yahoo.com/v7/finance/download/DNET.JK?period1=1514739600&period2=1527181200&interval=1d&events=history&crumb=uGMY0JmMIQu
DOID,https://query1.finance.yahoo.com/v7/finance/download/DOID.JK?period1=1514739600&period2=1527181200&interval=1d&events=history&crumb=uGMY0JmMIQu
DPNS,https://query1.finance.yahoo.com/v7/finance/download/DPNS.JK?period1=1514739600&period2=1527181200&interval=1d&events=history&crumb=uGMY0JmMIQu
DPUM,https://query1.finance.yahoo.com/v7/finance/download/DPUM.JK?period1=1514739600&period2=1527181200&interval=1d&events=history&crumb=uGMY0JmMIQu
DSFI,https://query1.finance.yahoo.com/v7/finance/download/DSFI.JK?period1=1514739600&period2=1527181200&interval=1d&events=history&crumb=uGMY0JmMIQu
DSNG,https://query1.finance.yahoo.com/v7/finance/download/DSNG.JK?period1=1514739600&period2=1527181200&interval=1d&events=history&crumb=uGMY0JmMIQu
DSSA,https://query1.finance.yahoo.com/v7/finance/download/DSSA.JK?period1=1514739600&period2=1527181200&interval=1d&events=history&crumb=uGMY0JmMIQu
DUTI,https://query1.finance.yahoo.com/v7/finance/download/DUTI.JK?period1=1514739600&period2=1527181200&interval=1d&events=history&crumb=uGMY0JmMIQu
DVLA,https://query1.finance.yahoo.com/v7/finance/download/DVLA.JK?period1=1514739600&period2=1527181200&interval=1d&events=history&crumb=uGMY0JmMIQu
DWGL,https://query1.finance.yahoo.com/v7/finance/download/DWGL.JK?period1=1514739600&period2=1527181200&interval=1d&events=history&crumb=uGMY0JmMIQu
DYAN,https://query1.finance.yahoo.com/v7/finance/download/DYAN.JK?period1=1514739600&period2=1527181200&interval=1d&events=history&crumb=uGMY0JmMIQu
ECII,https://query1.finance.yahoo.com/v7/finance/download/ECII.JK?period1=1514739600&period2=1527181200&interval=1d&events=history&crumb=uGMY0JmMIQu
EKAD,https://query1.finance.yahoo.com/v7/finance/download/EKAD.JK?period1=1514739600&period2=1527181200&interval=1d&events=history&crumb=uGMY0JmMIQu
ELSA,https://query1.finance.yahoo.com/v7/finance/download/ELSA.JK?period1=1514739600&period2=1527181200&interval=1d&events=history&crumb=uGMY0JmMIQu
ELTY,https://query1.finance.yahoo.com/v7/finance/download/ELTY.JK?period1=1514739600&period2=1527181200&interval=1d&events=history&crumb=uGMY0JmMIQu
EMDE,https://query1.finance.yahoo.com/v7/finance/download/EMDE.JK?period1=1514739600&period2=1527181200&interval=1d&events=history&crumb=uGMY0JmMIQu
EMTK,https://query1.finance.yahoo.com/v7/finance/download/EMTK.JK?period1=1514739600&period2=1527181200&interval=1d&events=history&crumb=uGMY0JmMIQu
ENRG,https://query1.finance.yahoo.com/v7/finance/download/ENRG.JK?period1=1514739600&period2=1527181200&interval=1d&events=history&crumb=uGMY0JmMIQu
EPMT,https://query1.finance.yahoo.com/v7/finance/download/EPMT.JK?period1=1514739600&period2=1527181200&interval=1d&events=history&crumb=uGMY0JmMIQu
ERAA,https://query1.finance.yahoo.com/v7/finance/download/ERAA.JK?period1=1514739600&period2=1527181200&interval=1d&events=history&crumb=uGMY0JmMIQu
ERTX,https://query1.finance.yahoo.com/v7/finance/download/ERTX.JK?period1=1514739600&period2=1527181200&interval=1d&events=history&crumb=uGMY0JmMIQu
ESSA,https://query1.finance.yahoo.com/v7/finance/download/ESSA.JK?period1=1514739600&period2=1527181200&interval=1d&events=history&crumb=uGMY0JmMIQu
ESTI,https://query1.finance.yahoo.com/v7/finance/download/ESTI.JK?period1=1514739600&period2=1527181200&interval=1d&events=history&crumb=uGMY0JmMIQu
ETWA,https://query1.finance.yahoo.com/v7/finance/download/ETWA.JK?period1=1514739600&period2=1527181200&interval=1d&events=history&crumb=uGMY0JmMIQu
EXCL,https://query1.finance.yahoo.com/v7/finance/download/EXCL.JK?period1=1514739600&period2=1527181200&interval=1d&events=history&crumb=uGMY0JmMIQu
FAST,https://query1.finance.yahoo.com/v7/finance/download/FAST.JK?period1=1514739600&period2=1527181200&interval=1d&events=history&crumb=uGMY0JmMIQu
FASW,https://query1.finance.yahoo.com/v7/finance/download/FASW.JK?period1=1514739600&period2=1527181200&interval=1d&events=history&crumb=uGMY0JmMIQu
FINN,https://query1.finance.yahoo.com/v7/finance/download/FINN.JK?period1=1514739600&period2=1527181200&interval=1d&events=history&crumb=uGMY0JmMIQu
FIRE,https://query1.finance.yahoo.com/v7/finance/download/FIRE.JK?period1=1514739600&period2=1527181200&interval=1d&events=history&crumb=uGMY0JmMIQu
FIRE-W,https://query1.finance.yahoo.com/v7/finance/download/FIRE-W.JK?period1=1514739600&period2=1527181200&interval=1d&events=history&crumb=uGMY0JmMIQu
FISH,https://query1.finance.yahoo.com/v7/finance/download/FISH.JK?period1=1514739600&period2=1527181200&interval=1d&events=history&crumb=uGMY0JmMIQu
FMII,https://query1.finance.yahoo.com/v7/finance/download/FMII.JK?period1=1514739600&period2=1527181200&interval=1d&events=history&crumb=uGMY0JmMIQu
FORU,https://query1.finance.yahoo.com/v7/finance/download/FORU.JK?period1=1514739600&period2=1527181200&interval=1d&events=history&crumb=uGMY0JmMIQu
FORZ,https://query1.finance.yahoo.com/v7/finance/download/FORZ.JK?period1=1514739600&period2=1527181200&interval=1d&events=history&crumb=uGMY0JmMIQu
FORZ-W,https://query1.finance.yahoo.com/v7/finance/download/FORZ-W.JK?period1=1514739600&period2=1527181200&interval=1d&events=history&crumb=uGMY0JmMIQu
FPNI,https://query1.finance.yahoo.com/v7/finance/download/FPNI.JK?period1=1514739600&period2=1527181200&interval=1d&events=history&crumb=uGMY0JmMIQu
FREN,https://query1.finance.yahoo.com/v7/finance/download/FREN.JK?period1=1514739600&period2=1527181200&interval=1d&events=history&crumb=uGMY0JmMIQu
GAMA,https://query1.finance.yahoo.com/v7/finance/download/GAMA.JK?period1=1514739600&period2=1527181200&interval=1d&events=history&crumb=uGMY0JmMIQu
GDST,https://query1.finance.yahoo.com/v7/finance/download/GDST.JK?period1=1514739600&period2=1527181200&interval=1d&events=history&crumb=uGMY0JmMIQu
GDYR,https://query1.finance.yahoo.com/v7/finance/download/GDYR.JK?period1=1514739600&period2=1527181200&interval=1d&events=history&crumb=uGMY0JmMIQu
GEMA,https://query1.finance.yahoo.com/v7/finance/download/GEMA.JK?period1=1514739600&period2=1527181200&interval=1d&events=history&crumb=uGMY0JmMIQu
GEMS,https://query1.finance.yahoo.com/v7/finance/download/GEMS.JK?period1=1514739600&period2=1527181200&interval=1d&events=history&crumb=uGMY0JmMIQu
GGRM,https://query1.finance.yahoo.com/v7/finance/download/GGRM.JK?period1=1514739600&period2=1527181200&interval=1d&events=history&crumb=uGMY0JmMIQu
GIAA,https://query1.finance.yahoo.com/v7/finance/download/GIAA.JK?period1=1514739600&period2=1527181200&interval=1d&events=history&crumb=uGMY0JmMIQu
GJTL,https://query1.finance.yahoo.com/v7/finance/download/GJTL.JK?period1=1514739600&period2=1527181200&interval=1d&events=history&crumb=uGMY0JmMIQu
GLOB,https://query1.finance.yahoo.com/v7/finance/download/GLOB.JK?period1=1514739600&period2=1527181200&interval=1d&events=history&crumb=uGMY0JmMIQu
GMCW,https://query1.finance.yahoo.com/v7/finance/download/GMCW.JK?period1=1514739600&period2=1527181200&interval=1d&events=history&crumb=uGMY0JmMIQu
GMFI,https://query1.finance.yahoo.com/v7/finance/download/GMFI.JK?period1=1514739600&period2=1527181200&interval=1d&events=history&crumb=uGMY0JmMIQu
GMTD,https://query1.finance.yahoo.com/v7/finance/download/GMTD.JK?period1=1514739600&period2=1527181200&interval=1d&events=history&crumb=uGMY0JmMIQu
GOLD,https://query1.finance.yahoo.com/v7/finance/download/GOLD.JK?period1=1514739600&period2=1527181200&interval=1d&events=history&crumb=uGMY0JmMIQu
GOLL,https://query1.finance.yahoo.com/v7/finance/download/GOLL.JK?period1=1514739600&period2=1527181200&interval=1d&events=history&crumb=uGMY0JmMIQu
GOLL-W,https://query1.finance.yahoo.com/v7/finance/download/GOLL-W.JK?period1=1514739600&period2=1527181200&interval=1d&events=history&crumb=uGMY0JmMIQu
GPRA,https://query1.finance.yahoo.com/v7/finance/download/GPRA.JK?period1=1514739600&period2=1527181200&interval=1d&events=history&crumb=uGMY0JmMIQu
GREN,https://query1.finance.yahoo.com/v7/finance/download/GREN.JK?period1=1514739600&period2=1527181200&interval=1d&events=history&crumb=uGMY0JmMIQu
GSMF,https://query1.finance.yahoo.com/v7/finance/download/GSMF.JK?period1=1514739600&period2=1527181200&interval=1d&events=history&crumb=uGMY0JmMIQu
GTBO,https://query1.finance.yahoo.com/v7/finance/download/GTBO.JK?period1=1514739600&period2=1527181200&interval=1d&events=history&crumb=uGMY0JmMIQu
GWSA,https://query1.finance.yahoo.com/v7/finance/download/GWSA.JK?period1=1514739600&period2=1527181200&interval=1d&events=history&crumb=uGMY0JmMIQu
GZCO,https://query1.finance.yahoo.com/v7/finance/download/GZCO.JK?period1=1514739600&period2=1527181200&interval=1d&events=history&crumb=uGMY0JmMIQu
HADE,https://query1.finance.yahoo.com/v7/finance/download/HADE.JK?period1=1514739600&period2=1527181200&interval=1d&events=history&crumb=uGMY0JmMIQu
HDFA,https://query1.finance.yahoo.com/v7/finance/download/HDFA.JK?period1=1514739600&period2=1527181200&interval=1d&events=history&crumb=uGMY0JmMIQu
HDTX,https://query1.finance.yahoo.com/v7/finance/download/HDTX.JK?period1=1514739600&period2=1527181200&interval=1d&events=history&crumb=uGMY0JmMIQu
HERO,https://query1.finance.yahoo.com/v7/finance/download/HERO.JK?period1=1514739600&period2=1527181200&interval=1d&events=history&crumb=uGMY0JmMIQu
HEXA,https://query1.finance.yahoo.com/v7/finance/download/HEXA.JK?period1=1514739600&period2=1527181200&interval=1d&events=history&crumb=uGMY0JmMIQu
HITS,https://query1.finance.yahoo.com/v7/finance/download/HITS.JK?period1=1514739600&period2=1527181200&interval=1d&events=history&crumb=uGMY0JmMIQu
HMSP,https://query1.finance.yahoo.com/v7/finance/download/HMSP.JK?period1=1514739600&period2=1527181200&interval=1d&events=history&crumb=uGMY0JmMIQu
HOKI,https://query1.finance.yahoo.com/v7/finance/download/HOKI.JK?period1=1514739600&period2=1527181200&interval=1d&events=history&crumb=uGMY0JmMIQu
HOKI-W,https://query1.finance.yahoo.com/v7/finance/download/HOKI-W.JK?period1=1514739600&period2=1527181200&interval=1d&events=history&crumb=uGMY0JmMIQu
HOME,https://query1.finance.yahoo.com/v7/finance/download/HOME.JK?period1=1514739600&period2=1527181200&interval=1d&events=history&crumb=uGMY0JmMIQu
HOTL,https://query1.finance.yahoo.com/v7/finance/download/HOTL.JK?period1=1514739600&period2=1527181200&interval=1d&events=history&crumb=uGMY0JmMIQu
HOTL-W,https://query1.finance.yahoo.com/v7/finance/download/HOTL-W.JK?period1=1514739600&period2=1527181200&interval=1d&events=history&crumb=uGMY0JmMIQu
HRTA,https://query1.finance.yahoo.com/v7/finance/download/HRTA.JK?period1=1514739600&period2=1527181200&interval=1d&events=history&crumb=uGMY0JmMIQu
HRUM,https://query1.finance.yahoo.com/v7/finance/download/HRUM.JK?period1=1514739600&period2=1527181200&interval=1d&events=history&crumb=uGMY0JmMIQu
IATA,https://query1.finance.yahoo.com/v7/finance/download/IATA.JK?period1=1514739600&period2=1527181200&interval=1d&events=history&crumb=uGMY0JmMIQu
IBFN,https://query1.finance.yahoo.com/v7/finance/download/IBFN.JK?period1=1514739600&period2=1527181200&interval=1d&events=history&crumb=uGMY0JmMIQu
IBST,https://query1.finance.yahoo.com/v7/finance/download/IBST.JK?period1=1514739600&period2=1527181200&interval=1d&events=history&crumb=uGMY0JmMIQu
ICBP,https://query1.finance.yahoo.com/v7/finance/download/ICBP.JK?period1=1514739600&period2=1527181200&interval=1d&events=history&crumb=uGMY0JmMIQu
ICON,https://query1.finance.yahoo.com/v7/finance/download/ICON.JK?period1=1514739600&period2=1527181200&interval=1d&events=history&crumb=uGMY0JmMIQu
IDPR,https://query1.finance.yahoo.com/v7/finance/download/IDPR.JK?period1=1514739600&period2=1527181200&interval=1d&events=history&crumb=uGMY0JmMIQu
IGAR,https://query1.finance.yahoo.com/v7/finance/download/IGAR.JK?period1=1514739600&period2=1527181200&interval=1d&events=history&crumb=uGMY0JmMIQu
IIKP,https://query1.finance.yahoo.com/v7/finance/download/IIKP.JK?period1=1514739600&period2=1527181200&interval=1d&events=history&crumb=uGMY0JmMIQu
IKAI,https://query1.finance.yahoo.com/v7/finance/download/IKAI.JK?period1=1514739600&period2=1527181200&interval=1d&events=history&crumb=uGMY0JmMIQu
IKBI,https://query1.finance.yahoo.com/v7/finance/download/IKBI.JK?period1=1514739600&period2=1527181200&interval=1d&events=history&crumb=uGMY0JmMIQu
IMAS,https://query1.finance.yahoo.com/v7/finance/download/IMAS.JK?period1=1514739600&period2=1527181200&interval=1d&events=history&crumb=uGMY0JmMIQu
IMJS,https://query1.finance.yahoo.com/v7/finance/download/IMJS.JK?period1=1514739600&period2=1527181200&interval=1d&events=history&crumb=uGMY0JmMIQu
IMPC,https://query1.finance.yahoo.com/v7/finance/download/IMPC.JK?period1=1514739600&period2=1527181200&interval=1d&events=history&crumb=uGMY0JmMIQu
INAF,https://query1.finance.yahoo.com/v7/finance/download/INAF.JK?period1=1514739600&period2=1527181200&interval=1d&events=history&crumb=uGMY0JmMIQu
INAI,https://query1.finance.yahoo.com/v7/finance/download/INAI.JK?period1=1514739600&period2=1527181200&interval=1d&events=history&crumb=uGMY0JmMIQu
INCF,https://query1.finance.yahoo.com/v7/finance/download/INCF.JK?period1=1514739600&period2=1527181200&interval=1d&events=history&crumb=uGMY0JmMIQu
INCI,https://query1.finance.yahoo.com/v7/finance/download/INCI.JK?period1=1514739600&period2=1527181200&interval=1d&events=history&crumb=uGMY0JmMIQu
INCO,https://query1.finance.yahoo.com/v7/finance/download/INCO.JK?period1=1514739600&period2=1527181200&interval=1d&events=history&crumb=uGMY0JmMIQu
INDF,https://query1.finance.yahoo.com/v7/finance/download/INDF.JK?period1=1514739600&period2=1527181200&interval=1d&events=history&crumb=uGMY0JmMIQu
INDR,https://query1.finance.yahoo.com/v7/finance/download/INDR.JK?period1=1514739600&period2=1527181200&interval=1d&events=history&crumb=uGMY0JmMIQu
INDS,https://query1.finance.yahoo.com/v7/finance/download/INDS.JK?period1=1514739600&period2=1527181200&interval=1d&events=history&crumb=uGMY0JmMIQu
INDX,https://query1.finance.yahoo.com/v7/finance/download/INDX.JK?period1=1514739600&period2=1527181200&interval=1d&events=history&crumb=uGMY0JmMIQu
INDY,https://query1.finance.yahoo.com/v7/finance/download/INDY.JK?period1=1514739600&period2=1527181200&interval=1d&events=history&crumb=uGMY0JmMIQu
INKP,https://query1.finance.yahoo.com/v7/finance/download/INKP.JK?period1=1514739600&period2=1527181200&interval=1d&events=history&crumb=uGMY0JmMIQu
INPC,https://query1.finance.yahoo.com/v7/finance/download/INPC.JK?period1=1514739600&period2=1527181200&interval=1d&events=history&crumb=uGMY0JmMIQu
INPC-W,https://query1.finance.yahoo.com/v7/finance/download/INPC-W.JK?period1=1514739600&period2=1527181200&interval=1d&events=history&crumb=uGMY0JmMIQu
INPP,https://query1.finance.yahoo.com/v7/finance/download/INPP.JK?period1=1514739600&period2=1527181200&interval=1d&events=history&crumb=uGMY0JmMIQu
INRU,https://query1.finance.yahoo.com/v7/finance/download/INRU.JK?period1=1514739600&period2=1527181200&interval=1d&events=history&crumb=uGMY0JmMIQu
INTA,https://query1.finance.yahoo.com/v7/finance/download/INTA.JK?period1=1514739600&period2=1527181200&interval=1d&events=history&crumb=uGMY0JmMIQu
INTA-W,https://query1.finance.yahoo.com/v7/finance/download/INTA-W.JK?period1=1514739600&period2=1527181200&interval=1d&events=history&crumb=uGMY0JmMIQu
INTD,https://query1.finance.yahoo.com/v7/finance/download/INTD.JK?period1=1514739600&period2=1527181200&interval=1d&events=history&crumb=uGMY0JmMIQu
INTP,https://query1.finance.yahoo.com/v7/finance/download/INTP.JK?period1=1514739600&period2=1527181200&interval=1d&events=history&crumb=uGMY0JmMIQu
INVS,https://query1.finance.yahoo.com/v7/finance/download/INVS.JK?period1=1514739600&period2=1527181200&interval=1d&events=history&crumb=uGMY0JmMIQu
IPCM,https://query1.finance.yahoo.com/v7/finance/download/IPCM.JK?period1=1514739600&period2=1527181200&interval=1d&events=history&crumb=uGMY0JmMIQu
IPOL,https://query1.finance.yahoo.com/v7/finance/download/IPOL.JK?period1=1514739600&period2=1527181200&interval=1d&events=history&crumb=uGMY0JmMIQu
ISAT,https://query1.finance.yahoo.com/v7/finance/download/ISAT.JK?period1=1514739600&period2=1527181200&interval=1d&events=history&crumb=uGMY0JmMIQu
ISSP,https://query1.finance.yahoo.com/v7/finance/download/ISSP.JK?period1=1514739600&period2=1527181200&interval=1d&events=history&crumb=uGMY0JmMIQu
ITMA,https://query1.finance.yahoo.com/v7/finance/download/ITMA.JK?period1=1514739600&period2=1527181200&interval=1d&events=history&crumb=uGMY0JmMIQu
ITMG,https://query1.finance.yahoo.com/v7/finance/download/ITMG.JK?period1=1514739600&period2=1527181200&interval=1d&events=history&crumb=uGMY0JmMIQu
ITTG,https://query1.finance.yahoo.com/v7/finance/download/ITTG.JK?period1=1514739600&period2=1527181200&interval=1d&events=history&crumb=uGMY0JmMIQu
JAWA,https://query1.finance.yahoo.com/v7/finance/download/JAWA.JK?period1=1514739600&period2=1527181200&interval=1d&events=history&crumb=uGMY0JmMIQu
JECC,https://query1.finance.yahoo.com/v7/finance/download/JECC.JK?period1=1514739600&period2=1527181200&interval=1d&events=history&crumb=uGMY0JmMIQu
JGLE,https://query1.finance.yahoo.com/v7/finance/download/JGLE.JK?period1=1514739600&period2=1527181200&interval=1d&events=history&crumb=uGMY0JmMIQu
JIHD,https://query1.finance.yahoo.com/v7/finance/download/JIHD.JK?period1=1514739600&period2=1527181200&interval=1d&events=history&crumb=uGMY0JmMIQu
JKON,https://query1.finance.yahoo.com/v7/finance/download/JKON.JK?period1=1514739600&period2=1527181200&interval=1d&events=history&crumb=uGMY0JmMIQu
JKSW,https://query1.finance.yahoo.com/v7/finance/download/JKSW.JK?period1=1514739600&period2=1527181200&interval=1d&events=history&crumb=uGMY0JmMIQu
JMAS,https://query1.finance.yahoo.com/v7/finance/download/JMAS.JK?period1=1514739600&period2=1527181200&interval=1d&events=history&crumb=uGMY0JmMIQu
JPFA,https://query1.finance.yahoo.com/v7/finance/download/JPFA.JK?period1=1514739600&period2=1527181200&interval=1d&events=history&crumb=uGMY0JmMIQu
JPRS,https://query1.finance.yahoo.com/v7/finance/download/JPRS.JK?period1=1514739600&period2=1527181200&interval=1d&events=history&crumb=uGMY0JmMIQu
JRPT,https://query1.finance.yahoo.com/v7/finance/download/JRPT.JK?period1=1514739600&period2=1527181200&interval=1d&events=history&crumb=uGMY0JmMIQu
JSMR,https://query1.finance.yahoo.com/v7/finance/download/JSMR.JK?period1=1514739600&period2=1527181200&interval=1d&events=history&crumb=uGMY0JmMIQu
JSPT,https://query1.finance.yahoo.com/v7/finance/download/JSPT.JK?period1=1514739600&period2=1527181200&interval=1d&events=history&crumb=uGMY0JmMIQu
JTPE,https://query1.finance.yahoo.com/v7/finance/download/JTPE.JK?period1=1514739600&period2=1527181200&interval=1d&events=history&crumb=uGMY0JmMIQu
KAEF,https://query1.finance.yahoo.com/v7/finance/download/KAEF.JK?period1=1514739600&period2=1527181200&interval=1d&events=history&crumb=uGMY0JmMIQu
KARW,https://query1.finance.yahoo.com/v7/finance/download/KARW.JK?period1=1514739600&period2=1527181200&interval=1d&events=history&crumb=uGMY0JmMIQu
KBLI,https://query1.finance.yahoo.com/v7/finance/download/KBLI.JK?period1=1514739600&period2=1527181200&interval=1d&events=history&crumb=uGMY0JmMIQu
KBLM,https://query1.finance.yahoo.com/v7/finance/download/KBLM.JK?period1=1514739600&period2=1527181200&interval=1d&events=history&crumb=uGMY0JmMIQu
KBLV,https://query1.finance.yahoo.com/v7/finance/download/KBLV.JK?period1=1514739600&period2=1527181200&interval=1d&events=history&crumb=uGMY0JmMIQu
KBRI,https://query1.finance.yahoo.com/v7/finance/download/KBRI.JK?period1=1514739600&period2=1527181200&interval=1d&events=history&crumb=uGMY0JmMIQu
KDSI,https://query1.finance.yahoo.com/v7/finance/download/KDSI.JK?period1=1514739600&period2=1527181200&interval=1d&events=history&crumb=uGMY0JmMIQu
KIAS,https://query1.finance.yahoo.com/v7/finance/download/KIAS.JK?period1=1514739600&period2=1527181200&interval=1d&events=history&crumb=uGMY0JmMIQu
KICI,https://query1.finance.yahoo.com/v7/finance/download/KICI.JK?period1=1514739600&period2=1527181200&interval=1d&events=history&crumb=uGMY0JmMIQu
KIJA,https://query1.finance.yahoo.com/v7/finance/download/KIJA.JK?period1=1514739600&period2=1527181200&interval=1d&events=history&crumb=uGMY0JmMIQu
KINO,https://query1.finance.yahoo.com/v7/finance/download/KINO.JK?period1=1514739600&period2=1527181200&interval=1d&events=history&crumb=uGMY0JmMIQu
KIOS,https://query1.finance.yahoo.com/v7/finance/download/KIOS.JK?period1=1514739600&period2=1527181200&interval=1d&events=history&crumb=uGMY0JmMIQu
KIOS-W,https://query1.finance.yahoo.com/v7/finance/download/KIOS-W.JK?period1=1514739600&period2=1527181200&interval=1d&events=history&crumb=uGMY0JmMIQu
KKGI,https://query1.finance.yahoo.com/v7/finance/download/KKGI.JK?period1=1514739600&period2=1527181200&interval=1d&events=history&crumb=uGMY0JmMIQu
KLBF,https://query1.finance.yahoo.com/v7/finance/download/KLBF.JK?period1=1514739600&period2=1527181200&interval=1d&events=history&crumb=uGMY0JmMIQu
KOBX,https://query1.finance.yahoo.com/v7/finance/download/KOBX.JK?period1=1514739600&period2=1527181200&interval=1d&events=history&crumb=uGMY0JmMIQu
KOIN,https://query1.finance.yahoo.com/v7/finance/download/KOIN.JK?period1=1514739600&period2=1527181200&interval=1d&events=history&crumb=uGMY0JmMIQu
KONI,https://query1.finance.yahoo.com/v7/finance/download/KONI.JK?period1=1514739600&period2=1527181200&interval=1d&events=history&crumb=uGMY0JmMIQu
KOPI,https://query1.finance.yahoo.com/v7/finance/download/KOPI.JK?period1=1514739600&period2=1527181200&interval=1d&events=history&crumb=uGMY0JmMIQu
KPIG,https://query1.finance.yahoo.com/v7/finance/download/KPIG.JK?period1=1514739600&period2=1527181200&interval=1d&events=history&crumb=uGMY0JmMIQu
KRAH,https://query1.finance.yahoo.com/v7/finance/download/KRAH.JK?period1=1514739600&period2=1527181200&interval=1d&events=history&crumb=uGMY0JmMIQu
KRAS,https://query1.finance.yahoo.com/v7/finance/download/KRAS.JK?period1=1514739600&period2=1527181200&interval=1d&events=history&crumb=uGMY0JmMIQu
KREN,https://query1.finance.yahoo.com/v7/finance/download/KREN.JK?period1=1514739600&period2=1527181200&interval=1d&events=history&crumb=uGMY0JmMIQu
LAMI,https://query1.finance.yahoo.com/v7/finance/download/LAMI.JK?period1=1514739600&period2=1527181200&interval=1d&events=history&crumb=uGMY0JmMIQu
LAPD,https://query1.finance.yahoo.com/v7/finance/download/LAPD.JK?period1=1514739600&period2=1527181200&interval=1d&events=history&crumb=uGMY0JmMIQu
LCGP,https://query1.finance.yahoo.com/v7/finance/download/LCGP.JK?period1=1514739600&period2=1527181200&interval=1d&events=history&crumb=uGMY0JmMIQu
LEAD,https://query1.finance.yahoo.com/v7/finance/download/LEAD.JK?period1=1514739600&period2=1527181200&interval=1d&events=history&crumb=uGMY0JmMIQu
LINK,https://query1.finance.yahoo.com/v7/finance/download/LINK.JK?period1=1514739600&period2=1527181200&interval=1d&events=history&crumb=uGMY0JmMIQu
LION,https://query1.finance.yahoo.com/v7/finance/download/LION.JK?period1=1514739600&period2=1527181200&interval=1d&events=history&crumb=uGMY0JmMIQu
LMAS,https://query1.finance.yahoo.com/v7/finance/download/LMAS.JK?period1=1514739600&period2=1527181200&interval=1d&events=history&crumb=uGMY0JmMIQu
LMPI,https://query1.finance.yahoo.com/v7/finance/download/LMPI.JK?period1=1514739600&period2=1527181200&interval=1d&events=history&crumb=uGMY0JmMIQu
LMSH,https://query1.finance.yahoo.com/v7/finance/download/LMSH.JK?period1=1514739600&period2=1527181200&interval=1d&events=history&crumb=uGMY0JmMIQu
LPCK,https://query1.finance.yahoo.com/v7/finance/download/LPCK.JK?period1=1514739600&period2=1527181200&interval=1d&events=history&crumb=uGMY0JmMIQu
LPGI,https://query1.finance.yahoo.com/v7/finance/download/LPGI.JK?period1=1514739600&period2=1527181200&interval=1d&events=history&crumb=uGMY0JmMIQu
LPIN,https://query1.finance.yahoo.com/v7/finance/download/LPIN.JK?period1=1514739600&period2=1527181200&interval=1d&events=history&crumb=uGMY0JmMIQu
LPKR,https://query1.finance.yahoo.com/v7/finance/download/LPKR.JK?period1=1514739600&period2=1527181200&interval=1d&events=history&crumb=uGMY0JmMIQu
LPLI,https://query1.finance.yahoo.com/v7/finance/download/LPLI.JK?period1=1514739600&period2=1527181200&interval=1d&events=history&crumb=uGMY0JmMIQu
LPPF,https://query1.finance.yahoo.com/v7/finance/download/LPPF.JK?period1=1514739600&period2=1527181200&interval=1d&events=history&crumb=uGMY0JmMIQu
LPPS,https://query1.finance.yahoo.com/v7/finance/download/LPPS.JK?period1=1514739600&period2=1527181200&interval=1d&events=history&crumb=uGMY0JmMIQu
LRNA,https://query1.finance.yahoo.com/v7/finance/download/LRNA.JK?period1=1514739600&period2=1527181200&interval=1d&events=history&crumb=uGMY0JmMIQu
LRNA-W,https://query1.finance.yahoo.com/v7/finance/download/LRNA-W.JK?period1=1514739600&period2=1527181200&interval=1d&events=history&crumb=uGMY0JmMIQu
LSIP,https://query1.finance.yahoo.com/v7/finance/download/LSIP.JK?period1=1514739600&period2=1527181200&interval=1d&events=history&crumb=uGMY0JmMIQu
LTLS,https://query1.finance.yahoo.com/v7/finance/download/LTLS.JK?period1=1514739600&period2=1527181200&interval=1d&events=history&crumb=uGMY0JmMIQu
MABA,https://query1.finance.yahoo.com/v7/finance/download/MABA.JK?period1=1514739600&period2=1527181200&interval=1d&events=history&crumb=uGMY0JmMIQu
MAGP,https://query1.finance.yahoo.com/v7/finance/download/MAGP.JK?period1=1514739600&period2=1527181200&interval=1d&events=history&crumb=uGMY0JmMIQu
MAIN,https://query1.finance.yahoo.com/v7/finance/download/MAIN.JK?period1=1514739600&period2=1527181200&interval=1d&events=history&crumb=uGMY0JmMIQu
MAMI,https://query1.finance.yahoo.com/v7/finance/download/MAMI.JK?period1=1514739600&period2=1527181200&interval=1d&events=history&crumb=uGMY0JmMIQu
MAMIP,https://query1.finance.yahoo.com/v7/finance/download/MAMIP.JK?period1=1514739600&period2=1527181200&interval=1d&events=history&crumb=uGMY0JmMIQu
MAPB,https://query1.finance.yahoo.com/v7/finance/download/MAPB.JK?period1=1514739600&period2=1527181200&interval=1d&events=history&crumb=uGMY0JmMIQu
MAPI,https://query1.finance.yahoo.com/v7/finance/download/MAPI.JK?period1=1514739600&period2=1527181200&interval=1d&events=history&crumb=uGMY0JmMIQu
MARI,https://query1.finance.yahoo.com/v7/finance/download/MARI.JK?period1=1514739600&period2=1527181200&interval=1d&events=history&crumb=uGMY0JmMIQu
MARK,https://query1.finance.yahoo.com/v7/finance/download/MARK.JK?period1=1514739600&period2=1527181200&interval=1d&events=history&crumb=uGMY0JmMIQu
MASA,https://query1.finance.yahoo.com/v7/finance/download/MASA.JK?period1=1514739600&period2=1527181200&interval=1d&events=history&crumb=uGMY0JmMIQu
MAYA,https://query1.finance.yahoo.com/v7/finance/download/MAYA.JK?period1=1514739600&period2=1527181200&interval=1d&events=history&crumb=uGMY0JmMIQu
MBAP,https://query1.finance.yahoo.com/v7/finance/download/MBAP.JK?period1=1514739600&period2=1527181200&interval=1d&events=history&crumb=uGMY0JmMIQu
MBSS,https://query1.finance.yahoo.com/v7/finance/download/MBSS.JK?period1=1514739600&period2=1527181200&interval=1d&events=history&crumb=uGMY0JmMIQu
MBTO,https://query1.finance.yahoo.com/v7/finance/download/MBTO.JK?period1=1514739600&period2=1527181200&interval=1d&events=history&crumb=uGMY0JmMIQu
MCAS,https://query1.finance.yahoo.com/v7/finance/download/MCAS.JK?period1=1514739600&period2=1527181200&interval=1d&events=history&crumb=uGMY0JmMIQu
MCOR,https://query1.finance.yahoo.com/v7/finance/download/MCOR.JK?period1=1514739600&period2=1527181200&interval=1d&events=history&crumb=uGMY0JmMIQu
MDIA,https://query1.finance.yahoo.com/v7/finance/download/MDIA.JK?period1=1514739600&period2=1527181200&interval=1d&events=history&crumb=uGMY0JmMIQu
MDKA,https://query1.finance.yahoo.com/v7/finance/download/MDKA.JK?period1=1514739600&period2=1527181200&interval=1d&events=history&crumb=uGMY0JmMIQu
MDLN,https://query1.finance.yahoo.com/v7/finance/download/MDLN.JK?period1=1514739600&period2=1527181200&interval=1d&events=history&crumb=uGMY0JmMIQu
MDRN,https://query1.finance.yahoo.com/v7/finance/download/MDRN.JK?period1=1514739600&period2=1527181200&interval=1d&events=history&crumb=uGMY0JmMIQu
MEDC,https://query1.finance.yahoo.com/v7/finance/download/MEDC.JK?period1=1514739600&period2=1527181200&interval=1d&events=history&crumb=uGMY0JmMIQu
MEGA,https://query1.finance.yahoo.com/v7/finance/download/MEGA.JK?period1=1514739600&period2=1527181200&interval=1d&events=history&crumb=uGMY0JmMIQu
MERK,https://query1.finance.yahoo.com/v7/finance/download/MERK.JK?period1=1514739600&period2=1527181200&interval=1d&events=history&crumb=uGMY0JmMIQu
META,https://query1.finance.yahoo.com/v7/finance/download/META.JK?period1=1514739600&period2=1527181200&interval=1d&events=history&crumb=uGMY0JmMIQu
MFIN,https://query1.finance.yahoo.com/v7/finance/download/MFIN.JK?period1=1514739600&period2=1527181200&interval=1d&events=history&crumb=uGMY0JmMIQu
MFMI,https://query1.finance.yahoo.com/v7/finance/download/MFMI.JK?period1=1514739600&period2=1527181200&interval=1d&events=history&crumb=uGMY0JmMIQu
MGNA,https://query1.finance.yahoo.com/v7/finance/download/MGNA.JK?period1=1514739600&period2=1527181200&interval=1d&events=history&crumb=uGMY0JmMIQu
MICE,https://query1.finance.yahoo.com/v7/finance/download/MICE.JK?period1=1514739600&period2=1527181200&interval=1d&events=history&crumb=uGMY0JmMIQu
MIDI,https://query1.finance.yahoo.com/v7/finance/download/MIDI.JK?period1=1514739600&period2=1527181200&interval=1d&events=history&crumb=uGMY0JmMIQu
MIKA,https://query1.finance.yahoo.com/v7/finance/download/MIKA.JK?period1=1514739600&period2=1527181200&interval=1d&events=history&crumb=uGMY0JmMIQu
MIRA,https://query1.finance.yahoo.com/v7/finance/download/MIRA.JK?period1=1514739600&period2=1527181200&interval=1d&events=history&crumb=uGMY0JmMIQu
MITI,https://query1.finance.yahoo.com/v7/finance/download/MITI.JK?period1=1514739600&period2=1527181200&interval=1d&events=history&crumb=uGMY0JmMIQu
MKNT,https://query1.finance.yahoo.com/v7/finance/download/MKNT.JK?period1=1514739600&period2=1527181200&interval=1d&events=history&crumb=uGMY0JmMIQu
MKPI,https://query1.finance.yahoo.com/v7/finance/download/MKPI.JK?period1=1514739600&period2=1527181200&interval=1d&events=history&crumb=uGMY0JmMIQu
MLBI,https://query1.finance.yahoo.com/v7/finance/download/MLBI.JK?period1=1514739600&period2=1527181200&interval=1d&events=history&crumb=uGMY0JmMIQu
MLIA,https://query1.finance.yahoo.com/v7/finance/download/MLIA.JK?period1=1514739600&period2=1527181200&interval=1d&events=history&crumb=uGMY0JmMIQu
MLPL,https://query1.finance.yahoo.com/v7/finance/download/MLPL.JK?period1=1514739600&period2=1527181200&interval=1d&events=history&crumb=uGMY0JmMIQu
MLPT,https://query1.finance.yahoo.com/v7/finance/download/MLPT.JK?period1=1514739600&period2=1527181200&interval=1d&events=history&crumb=uGMY0JmMIQu
MMLP,https://query1.finance.yahoo.com/v7/finance/download/MMLP.JK?period1=1514739600&period2=1527181200&interval=1d&events=history&crumb=uGMY0JmMIQu
MNCN,https://query1.finance.yahoo.com/v7/finance/download/MNCN.JK?period1=1514739600&period2=1527181200&interval=1d&events=history&crumb=uGMY0JmMIQu
MPMX,https://query1.finance.yahoo.com/v7/finance/download/MPMX.JK?period1=1514739600&period2=1527181200&interval=1d&events=history&crumb=uGMY0JmMIQu
MPOW,https://query1.finance.yahoo.com/v7/finance/download/MPOW.JK?period1=1514739600&period2=1527181200&interval=1d&events=history&crumb=uGMY0JmMIQu
MPPA,https://query1.finance.yahoo.com/v7/finance/download/MPPA.JK?period1=1514739600&period2=1527181200&interval=1d&events=history&crumb=uGMY0JmMIQu
MRAT,https://query1.finance.yahoo.com/v7/finance/download/MRAT.JK?period1=1514739600&period2=1527181200&interval=1d&events=history&crumb=uGMY0JmMIQu
MREI,https://query1.finance.yahoo.com/v7/finance/download/MREI.JK?period1=1514739600&period2=1527181200&interval=1d&events=history&crumb=uGMY0JmMIQu
MSKY,https://query1.finance.yahoo.com/v7/finance/download/MSKY.JK?period1=1514739600&period2=1527181200&interval=1d&events=history&crumb=uGMY0JmMIQu
MTDL,https://query1.finance.yahoo.com/v7/finance/download/MTDL.JK?period1=1514739600&period2=1527181200&interval=1d&events=history&crumb=uGMY0JmMIQu
MTFN,https://query1.finance.yahoo.com/v7/finance/download/MTFN.JK?period1=1514739600&period2=1527181200&interval=1d&events=history&crumb=uGMY0JmMIQu
MTLA,https://query1.finance.yahoo.com/v7/finance/download/MTLA.JK?period1=1514739600&period2=1527181200&interval=1d&events=history&crumb=uGMY0JmMIQu
MTRA,https://query1.finance.yahoo.com/v7/finance/download/MTRA.JK?period1=1514739600&period2=1527181200&interval=1d&events=history&crumb=uGMY0JmMIQu
MTSM,https://query1.finance.yahoo.com/v7/finance/download/MTSM.JK?period1=1514739600&period2=1527181200&interval=1d&events=history&crumb=uGMY0JmMIQu
MTWI,https://query1.finance.yahoo.com/v7/finance/download/MTWI.JK?period1=1514739600&period2=1527181200&interval=1d&events=history&crumb=uGMY0JmMIQu
MYOH,https://query1.finance.yahoo.com/v7/finance/download/MYOH.JK?period1=1514739600&period2=1527181200&interval=1d&events=history&crumb=uGMY0JmMIQu
MYOR,https://query1.finance.yahoo.com/v7/finance/download/MYOR.JK?period1=1514739600&period2=1527181200&interval=1d&events=history&crumb=uGMY0JmMIQu
MYRX,https://query1.finance.yahoo.com/v7/finance/download/MYRX.JK?period1=1514739600&period2=1527181200&interval=1d&events=history&crumb=uGMY0JmMIQu
MYRXP,https://query1.finance.yahoo.com/v7/finance/download/MYRXP.JK?period1=1514739600&period2=1527181200&interval=1d&events=history&crumb=uGMY0JmMIQu
MYTX,https://query1.finance.yahoo.com/v7/finance/download/MYTX.JK?period1=1514739600&period2=1527181200&interval=1d&events=history&crumb=uGMY0JmMIQu
NAGA,https://query1.finance.yahoo.com/v7/finance/download/NAGA.JK?period1=1514739600&period2=1527181200&interval=1d&events=history&crumb=uGMY0JmMIQu
NASA,https://query1.finance.yahoo.com/v7/finance/download/NASA.JK?period1=1514739600&period2=1527181200&interval=1d&events=history&crumb=uGMY0JmMIQu
NASA-W,https://query1.finance.yahoo.com/v7/finance/download/NASA-W.JK?period1=1514739600&period2=1527181200&interval=1d&events=history&crumb=uGMY0JmMIQu
NELY,https://query1.finance.yahoo.com/v7/finance/download/NELY.JK?period1=1514739600&period2=1527181200&interval=1d&events=history&crumb=uGMY0JmMIQu
NIKL,https://query1.finance.yahoo.com/v7/finance/download/NIKL.JK?period1=1514739600&period2=1527181200&interval=1d&events=history&crumb=uGMY0JmMIQu
NIPS,https://query1.finance.yahoo.com/v7/finance/download/NIPS.JK?period1=1514739600&period2=1527181200&interval=1d&events=history&crumb=uGMY0JmMIQu
NIRO,https://query1.finance.yahoo.com/v7/finance/download/NIRO.JK?period1=1514739600&period2=1527181200&interval=1d&events=history&crumb=uGMY0JmMIQu
NISP,https://query1.finance.yahoo.com/v7/finance/download/NISP.JK?period1=1514739600&period2=1527181200&interval=1d&events=history&crumb=uGMY0JmMIQu
NOBU,https://query1.finance.yahoo.com/v7/finance/download/NOBU.JK?period1=1514739600&period2=1527181200&interval=1d&events=history&crumb=uGMY0JmMIQu
NRCA,https://query1.finance.yahoo.com/v7/finance/download/NRCA.JK?period1=1514739600&period2=1527181200&interval=1d&events=history&crumb=uGMY0JmMIQu
OASA,https://query1.finance.yahoo.com/v7/finance/download/OASA.JK?period1=1514739600&period2=1527181200&interval=1d&events=history&crumb=uGMY0JmMIQu
OCAP,https://query1.finance.yahoo.com/v7/finance/download/OCAP.JK?period1=1514739600&period2=1527181200&interval=1d&events=history&crumb=uGMY0JmMIQu
OKAS,https://query1.finance.yahoo.com/v7/finance/download/OKAS.JK?period1=1514739600&period2=1527181200&interval=1d&events=history&crumb=uGMY0JmMIQu
OMRE,https://query1.finance.yahoo.com/v7/finance/download/OMRE.JK?period1=1514739600&period2=1527181200&interval=1d&events=history&crumb=uGMY0JmMIQu
PADI,https://query1.finance.yahoo.com/v7/finance/download/PADI.JK?period1=1514739600&period2=1527181200&interval=1d&events=history&crumb=uGMY0JmMIQu
PALM,https://query1.finance.yahoo.com/v7/finance/download/PALM.JK?period1=1514739600&period2=1527181200&interval=1d&events=history&crumb=uGMY0JmMIQu
PANR,https://query1.finance.yahoo.com/v7/finance/download/PANR.JK?period1=1514739600&period2=1527181200&interval=1d&events=history&crumb=uGMY0JmMIQu
PANS,https://query1.finance.yahoo.com/v7/finance/download/PANS.JK?period1=1514739600&period2=1527181200&interval=1d&events=history&crumb=uGMY0JmMIQu
PBID,https://query1.finance.yahoo.com/v7/finance/download/PBID.JK?period1=1514739600&period2=1527181200&interval=1d&events=history&crumb=uGMY0JmMIQu
PBRX,https://query1.finance.yahoo.com/v7/finance/download/PBRX.JK?period1=1514739600&period2=1527181200&interval=1d&events=history&crumb=uGMY0JmMIQu
PBSA,https://query1.finance.yahoo.com/v7/finance/download/PBSA.JK?period1=1514739600&period2=1527181200&interval=1d&events=history&crumb=uGMY0JmMIQu
PDES,https://query1.finance.yahoo.com/v7/finance/download/PDES.JK?period1=1514739600&period2=1527181200&interval=1d&events=history&crumb=uGMY0JmMIQu
PEGE,https://query1.finance.yahoo.com/v7/finance/download/PEGE.JK?period1=1514739600&period2=1527181200&interval=1d&events=history&crumb=uGMY0JmMIQu
PGAS,https://query1.finance.yahoo.com/v7/finance/download/PGAS.JK?period1=1514739600&period2=1527181200&interval=1d&events=history&crumb=uGMY0JmMIQu
PGLI,https://query1.finance.yahoo.com/v7/finance/download/PGLI.JK?period1=1514739600&period2=1527181200&interval=1d&events=history&crumb=uGMY0JmMIQu
PICO,https://query1.finance.yahoo.com/v7/finance/download/PICO.JK?period1=1514739600&period2=1527181200&interval=1d&events=history&crumb=uGMY0JmMIQu
PJAA,https://query1.finance.yahoo.com/v7/finance/download/PJAA.JK?period1=1514739600&period2=1527181200&interval=1d&events=history&crumb=uGMY0JmMIQu
PKPK,https://query1.finance.yahoo.com/v7/finance/download/PKPK.JK?period1=1514739600&period2=1527181200&interval=1d&events=history&crumb=uGMY0JmMIQu
PLAS,https://query1.finance.yahoo.com/v7/finance/download/PLAS.JK?period1=1514739600&period2=1527181200&interval=1d&events=history&crumb=uGMY0JmMIQu
PLIN,https://query1.finance.yahoo.com/v7/finance/download/PLIN.JK?period1=1514739600&period2=1527181200&interval=1d&events=history&crumb=uGMY0JmMIQu
PNBN,https://query1.finance.yahoo.com/v7/finance/download/PNBN.JK?period1=1514739600&period2=1527181200&interval=1d&events=history&crumb=uGMY0JmMIQu
PNBS,https://query1.finance.yahoo.com/v7/finance/download/PNBS.JK?period1=1514739600&period2=1527181200&interval=1d&events=history&crumb=uGMY0JmMIQu
PNIN,https://query1.finance.yahoo.com/v7/finance/download/PNIN.JK?period1=1514739600&period2=1527181200&interval=1d&events=history&crumb=uGMY0JmMIQu
PNLF,https://query1.finance.yahoo.com/v7/finance/download/PNLF.JK?period1=1514739600&period2=1527181200&interval=1d&events=history&crumb=uGMY0JmMIQu
PNSE,https://query1.finance.yahoo.com/v7/finance/download/PNSE.JK?period1=1514739600&period2=1527181200&interval=1d&events=history&crumb=uGMY0JmMIQu
POLY,https://query1.finance.yahoo.com/v7/finance/download/POLY.JK?period1=1514739600&period2=1527181200&interval=1d&events=history&crumb=uGMY0JmMIQu
POOL,https://query1.finance.yahoo.com/v7/finance/download/POOL.JK?period1=1514739600&period2=1527181200&interval=1d&events=history&crumb=uGMY0JmMIQu
POOL-W,https://query1.finance.yahoo.com/v7/finance/download/POOL-W.JK?period1=1514739600&period2=1527181200&interval=1d&events=history&crumb=uGMY0JmMIQu
PORT,https://query1.finance.yahoo.com/v7/finance/download/PORT.JK?period1=1514739600&period2=1527181200&interval=1d&events=history&crumb=uGMY0JmMIQu
POWR,https://query1.finance.yahoo.com/v7/finance/download/POWR.JK?period1=1514739600&period2=1527181200&interval=1d&events=history&crumb=uGMY0JmMIQu
PPRE,https://query1.finance.yahoo.com/v7/finance/download/PPRE.JK?period1=1514739600&period2=1527181200&interval=1d&events=history&crumb=uGMY0JmMIQu
PPRO,https://query1.finance.yahoo.com/v7/finance/download/PPRO.JK?period1=1514739600&period2=1527181200&interval=1d&events=history&crumb=uGMY0JmMIQu
PRAS,https://query1.finance.yahoo.com/v7/finance/download/PRAS.JK?period1=1514739600&period2=1527181200&interval=1d&events=history&crumb=uGMY0JmMIQu
PRDA,https://query1.finance.yahoo.com/v7/finance/download/PRDA.JK?period1=1514739600&period2=1527181200&interval=1d&events=history&crumb=uGMY0JmMIQu
PSAB,https://query1.finance.yahoo.com/v7/finance/download/PSAB.JK?period1=1514739600&period2=1527181200&interval=1d&events=history&crumb=uGMY0JmMIQu
PSDN,https://query1.finance.yahoo.com/v7/finance/download/PSDN.JK?period1=1514739600&period2=1527181200&interval=1d&events=history&crumb=uGMY0JmMIQu
PSKT,https://query1.finance.yahoo.com/v7/finance/download/PSKT.JK?period1=1514739600&period2=1527181200&interval=1d&events=history&crumb=uGMY0JmMIQu
PSKT-W,https://query1.finance.yahoo.com/v7/finance/download/PSKT-W.JK?period1=1514739600&period2=1527181200&interval=1d&events=history&crumb=uGMY0JmMIQu
PSSI,https://query1.finance.yahoo.com/v7/finance/download/PSSI.JK?period1=1514739600&period2=1527181200&interval=1d&events=history&crumb=uGMY0JmMIQu
PTBA,https://query1.finance.yahoo.com/v7/finance/download/PTBA.JK?period1=1514739600&period2=1527181200&interval=1d&events=history&crumb=uGMY0JmMIQu
PTIS,https://query1.finance.yahoo.com/v7/finance/download/PTIS.JK?period1=1514739600&period2=1527181200&interval=1d&events=history&crumb=uGMY0JmMIQu
PTPP,https://query1.finance.yahoo.com/v7/finance/download/PTPP.JK?period1=1514739600&period2=1527181200&interval=1d&events=history&crumb=uGMY0JmMIQu
PTRO,https://query1.finance.yahoo.com/v7/finance/download/PTRO.JK?period1=1514739600&period2=1527181200&interval=1d&events=history&crumb=uGMY0JmMIQu
PTSN,https://query1.finance.yahoo.com/v7/finance/download/PTSN.JK?period1=1514739600&period2=1527181200&interval=1d&events=history&crumb=uGMY0JmMIQu
PTSP,https://query1.finance.yahoo.com/v7/finance/download/PTSP.JK?period1=1514739600&period2=1527181200&interval=1d&events=history&crumb=uGMY0JmMIQu
PUDP,https://query1.finance.yahoo.com/v7/finance/download/PUDP.JK?period1=1514739600&period2=1527181200&interval=1d&events=history&crumb=uGMY0JmMIQu
PWON,https://query1.finance.yahoo.com/v7/finance/download/PWON.JK?period1=1514739600&period2=1527181200&interval=1d&events=history&crumb=uGMY0JmMIQu
PYFA,https://query1.finance.yahoo.com/v7/finance/download/PYFA.JK?period1=1514739600&period2=1527181200&interval=1d&events=history&crumb=uGMY0JmMIQu
RAJA,https://query1.finance.yahoo.com/v7/finance/download/RAJA.JK?period1=1514739600&period2=1527181200&interval=1d&events=history&crumb=uGMY0JmMIQu
RALS,https://query1.finance.yahoo.com/v7/finance/download/RALS.JK?period1=1514739600&period2=1527181200&interval=1d&events=history&crumb=uGMY0JmMIQu
RANC,https://query1.finance.yahoo.com/v7/finance/download/RANC.JK?period1=1514739600&period2=1527181200&interval=1d&events=history&crumb=uGMY0JmMIQu
RBMS,https://query1.finance.yahoo.com/v7/finance/download/RBMS.JK?period1=1514739600&period2=1527181200&interval=1d&events=history&crumb=uGMY0JmMIQu
RDTX,https://query1.finance.yahoo.com/v7/finance/download/RDTX.JK?period1=1514739600&period2=1527181200&interval=1d&events=history&crumb=uGMY0JmMIQu
RELI,https://query1.finance.yahoo.com/v7/finance/download/RELI.JK?period1=1514739600&period2=1527181200&interval=1d&events=history&crumb=uGMY0JmMIQu
RICY,https://query1.finance.yahoo.com/v7/finance/download/RICY.JK?period1=1514739600&period2=1527181200&interval=1d&events=history&crumb=uGMY0JmMIQu
RIGS,https://query1.finance.yahoo.com/v7/finance/download/RIGS.JK?period1=1514739600&period2=1527181200&interval=1d&events=history&crumb=uGMY0JmMIQu
RIMO,https://query1.finance.yahoo.com/v7/finance/download/RIMO.JK?period1=1514739600&period2=1527181200&interval=1d&events=history&crumb=uGMY0JmMIQu
RMBA,https://query1.finance.yahoo.com/v7/finance/download/RMBA.JK?period1=1514739600&period2=1527181200&interval=1d&events=history&crumb=uGMY0JmMIQu
RODA,https://query1.finance.yahoo.com/v7/finance/download/RODA.JK?period1=1514739600&period2=1527181200&interval=1d&events=history&crumb=uGMY0JmMIQu
ROTI,https://query1.finance.yahoo.com/v7/finance/download/ROTI.JK?period1=1514739600&period2=1527181200&interval=1d&events=history&crumb=uGMY0JmMIQu
RUIS,https://query1.finance.yahoo.com/v7/finance/download/RUIS.JK?period1=1514739600&period2=1527181200&interval=1d&events=history&crumb=uGMY0JmMIQu
SAFE,https://query1.finance.yahoo.com/v7/finance/download/SAFE.JK?period1=1514739600&period2=1527181200&interval=1d&events=history&crumb=uGMY0JmMIQu
SAIP,https://query1.finance.yahoo.com/v7/finance/download/SAIP.JK?period1=1514739600&period2=1527181200&interval=1d&events=history&crumb=uGMY0JmMIQu
SAME,https://query1.finance.yahoo.com/v7/finance/download/SAME.JK?period1=1514739600&period2=1527181200&interval=1d&events=history&crumb=uGMY0JmMIQu
SCBD,https://query1.finance.yahoo.com/v7/finance/download/SCBD.JK?period1=1514739600&period2=1527181200&interval=1d&events=history&crumb=uGMY0JmMIQu
SCCO,https://query1.finance.yahoo.com/v7/finance/download/SCCO.JK?period1=1514739600&period2=1527181200&interval=1d&events=history&crumb=uGMY0JmMIQu
SCMA,https://query1.finance.yahoo.com/v7/finance/download/SCMA.JK?period1=1514739600&period2=1527181200&interval=1d&events=history&crumb=uGMY0JmMIQu
SCPI,https://query1.finance.yahoo.com/v7/finance/download/SCPI.JK?period1=1514739600&period2=1527181200&interval=1d&events=history&crumb=uGMY0JmMIQu
SDMU,https://query1.finance.yahoo.com/v7/finance/download/SDMU.JK?period1=1514739600&period2=1527181200&interval=1d&events=history&crumb=uGMY0JmMIQu
SDPC,https://query1.finance.yahoo.com/v7/finance/download/SDPC.JK?period1=1514739600&period2=1527181200&interval=1d&events=history&crumb=uGMY0JmMIQu
SDRA,https://query1.finance.yahoo.com/v7/finance/download/SDRA.JK?period1=1514739600&period2=1527181200&interval=1d&events=history&crumb=uGMY0JmMIQu
SGRO,https://query1.finance.yahoo.com/v7/finance/download/SGRO.JK?period1=1514739600&period2=1527181200&interval=1d&events=history&crumb=uGMY0JmMIQu
SHID,https://query1.finance.yahoo.com/v7/finance/download/SHID.JK?period1=1514739600&period2=1527181200&interval=1d&events=history&crumb=uGMY0JmMIQu
SHIP,https://query1.finance.yahoo.com/v7/finance/download/SHIP.JK?period1=1514739600&period2=1527181200&interval=1d&events=history&crumb=uGMY0JmMIQu
SIAP,https://query1.finance.yahoo.com/v7/finance/download/SIAP.JK?period1=1514739600&period2=1527181200&interval=1d&events=history&crumb=uGMY0JmMIQu
SIDO,https://query1.finance.yahoo.com/v7/finance/download/SIDO.JK?period1=1514739600&period2=1527181200&interval=1d&events=history&crumb=uGMY0JmMIQu
SILO,https://query1.finance.yahoo.com/v7/finance/download/SILO.JK?period1=1514739600&period2=1527181200&interval=1d&events=history&crumb=uGMY0JmMIQu
SIMA,https://query1.finance.yahoo.com/v7/finance/download/SIMA.JK?period1=1514739600&period2=1527181200&interval=1d&events=history&crumb=uGMY0JmMIQu
SIMP,https://query1.finance.yahoo.com/v7/finance/download/SIMP.JK?period1=1514739600&period2=1527181200&interval=1d&events=history&crumb=uGMY0JmMIQu
SIPD,https://query1.finance.yahoo.com/v7/finance/download/SIPD.JK?period1=1514739600&period2=1527181200&interval=1d&events=history&crumb=uGMY0JmMIQu
SKBM,https://query1.finance.yahoo.com/v7/finance/download/SKBM.JK?period1=1514739600&period2=1527181200&interval=1d&events=history&crumb=uGMY0JmMIQu
SKLT,https://query1.finance.yahoo.com/v7/finance/download/SKLT.JK?period1=1514739600&period2=1527181200&interval=1d&events=history&crumb=uGMY0JmMIQu
SKYB,https://query1.finance.yahoo.com/v7/finance/download/SKYB.JK?period1=1514739600&period2=1527181200&interval=1d&events=history&crumb=uGMY0JmMIQu
SMAR,https://query1.finance.yahoo.com/v7/finance/download/SMAR.JK?period1=1514739600&period2=1527181200&interval=1d&events=history&crumb=uGMY0JmMIQu
SMBR,https://query1.finance.yahoo.com/v7/finance/download/SMBR.JK?period1=1514739600&period2=1527181200&interval=1d&events=history&crumb=uGMY0JmMIQu
SMCB,https://query1.finance.yahoo.com/v7/finance/download/SMCB.JK?period1=1514739600&period2=1527181200&interval=1d&events=history&crumb=uGMY0JmMIQu
SMDM,https://query1.finance.yahoo.com/v7/finance/download/SMDM.JK?period1=1514739600&period2=1527181200&interval=1d&events=history&crumb=uGMY0JmMIQu
SMDR,https://query1.finance.yahoo.com/v7/finance/download/SMDR.JK?period1=1514739600&period2=1527181200&interval=1d&events=history&crumb=uGMY0JmMIQu
SMGR,https://query1.finance.yahoo.com/v7/finance/download/SMGR.JK?period1=1514739600&period2=1527181200&interval=1d&events=history&crumb=uGMY0JmMIQu
SMMA,https://query1.finance.yahoo.com/v7/finance/download/SMMA.JK?period1=1514739600&period2=1527181200&interval=1d&events=history&crumb=uGMY0JmMIQu
SMMT,https://query1.finance.yahoo.com/v7/finance/download/SMMT.JK?period1=1514739600&period2=1527181200&interval=1d&events=history&crumb=uGMY0JmMIQu
SMRA,https://query1.finance.yahoo.com/v7/finance/download/SMRA.JK?period1=1514739600&period2=1527181200&interval=1d&events=history&crumb=uGMY0JmMIQu
SMRU,https://query1.finance.yahoo.com/v7/finance/download/SMRU.JK?period1=1514739600&period2=1527181200&interval=1d&events=history&crumb=uGMY0JmMIQu
SMSM,https://query1.finance.yahoo.com/v7/finance/download/SMSM.JK?period1=1514739600&period2=1527181200&interval=1d&events=history&crumb=uGMY0JmMIQu
SOBI,https://query1.finance.yahoo.com/v7/finance/download/SOBI.JK?period1=1514739600&period2=1527181200&interval=1d&events=history&crumb=uGMY0JmMIQu
SOCI,https://query1.finance.yahoo.com/v7/finance/download/SOCI.JK?period1=1514739600&period2=1527181200&interval=1d&events=history&crumb=uGMY0JmMIQu
SONA,https://query1.finance.yahoo.com/v7/finance/download/SONA.JK?period1=1514739600&period2=1527181200&interval=1d&events=history&crumb=uGMY0JmMIQu
SPMA,https://query1.finance.yahoo.com/v7/finance/download/SPMA.JK?period1=1514739600&period2=1527181200&interval=1d&events=history&crumb=uGMY0JmMIQu
SQBB,https://query1.finance.yahoo.com/v7/finance/download/SQBB.JK?period1=1514739600&period2=1527181200&interval=1d&events=history&crumb=uGMY0JmMIQu
SQBI,https://query1.finance.yahoo.com/v7/finance/download/SQBI.JK?period1=1514739600&period2=1527181200&interval=1d&events=history&crumb=uGMY0JmMIQu
SQMI,https://query1.finance.yahoo.com/v7/finance/download/SQMI.JK?period1=1514739600&period2=1527181200&interval=1d&events=history&crumb=uGMY0JmMIQu
SRAJ,https://query1.finance.yahoo.com/v7/finance/download/SRAJ.JK?period1=1514739600&period2=1527181200&interval=1d&events=history&crumb=uGMY0JmMIQu
SRIL,https://query1.finance.yahoo.com/v7/finance/download/SRIL.JK?period1=1514739600&period2=1527181200&interval=1d&events=history&crumb=uGMY0JmMIQu
SRSN,https://query1.finance.yahoo.com/v7/finance/download/SRSN.JK?period1=1514739600&period2=1527181200&interval=1d&events=history&crumb=uGMY0JmMIQu
SRTG,https://query1.finance.yahoo.com/v7/finance/download/SRTG.JK?period1=1514739600&period2=1527181200&interval=1d&events=history&crumb=uGMY0JmMIQu
SSIA,https://query1.finance.yahoo.com/v7/finance/download/SSIA.JK?period1=1514739600&period2=1527181200&interval=1d&events=history&crumb=uGMY0JmMIQu
SSMS,https://query1.finance.yahoo.com/v7/finance/download/SSMS.JK?period1=1514739600&period2=1527181200&interval=1d&events=history&crumb=uGMY0JmMIQu
SSTM,https://query1.finance.yahoo.com/v7/finance/download/SSTM.JK?period1=1514739600&period2=1527181200&interval=1d&events=history&crumb=uGMY0JmMIQu
STAR,https://query1.finance.yahoo.com/v7/finance/download/STAR.JK?period1=1514739600&period2=1527181200&interval=1d&events=history&crumb=uGMY0JmMIQu
STTP,https://query1.finance.yahoo.com/v7/finance/download/STTP.JK?period1=1514739600&period2=1527181200&interval=1d&events=history&crumb=uGMY0JmMIQu
SUGI,https://query1.finance.yahoo.com/v7/finance/download/SUGI.JK?period1=1514739600&period2=1527181200&interval=1d&events=history&crumb=uGMY0JmMIQu
SULI,https://query1.finance.yahoo.com/v7/finance/download/SULI.JK?period1=1514739600&period2=1527181200&interval=1d&events=history&crumb=uGMY0JmMIQu
SUPR,https://query1.finance.yahoo.com/v7/finance/download/SUPR.JK?period1=1514739600&period2=1527181200&interval=1d&events=history&crumb=uGMY0JmMIQu
TALF,https://query1.finance.yahoo.com/v7/finance/download/TALF.JK?period1=1514739600&period2=1527181200&interval=1d&events=history&crumb=uGMY0JmMIQu
TAMU,https://query1.finance.yahoo.com/v7/finance/download/TAMU.JK?period1=1514739600&period2=1527181200&interval=1d&events=history&crumb=uGMY0JmMIQu
TARA,https://query1.finance.yahoo.com/v7/finance/download/TARA.JK?period1=1514739600&period2=1527181200&interval=1d&events=history&crumb=uGMY0JmMIQu
TAXI,https://query1.finance.yahoo.com/v7/finance/download/TAXI.JK?period1=1514739600&period2=1527181200&interval=1d&events=history&crumb=uGMY0JmMIQu
TBIG,https://query1.finance.yahoo.com/v7/finance/download/TBIG.JK?period1=1514739600&period2=1527181200&interval=1d&events=history&crumb=uGMY0JmMIQu
TBLA,https://query1.finance.yahoo.com/v7/finance/download/TBLA.JK?period1=1514739600&period2=1527181200&interval=1d&events=history&crumb=uGMY0JmMIQu
TBMS,https://query1.finance.yahoo.com/v7/finance/download/TBMS.JK?period1=1514739600&period2=1527181200&interval=1d&events=history&crumb=uGMY0JmMIQu
TCID,https://query1.finance.yahoo.com/v7/finance/download/TCID.JK?period1=1514739600&period2=1527181200&interval=1d&events=history&crumb=uGMY0JmMIQu
TELE,https://query1.finance.yahoo.com/v7/finance/download/TELE.JK?period1=1514739600&period2=1527181200&interval=1d&events=history&crumb=uGMY0JmMIQu
TFCO,https://query1.finance.yahoo.com/v7/finance/download/TFCO.JK?period1=1514739600&period2=1527181200&interval=1d&events=history&crumb=uGMY0JmMIQu
TGKA,https://query1.finance.yahoo.com/v7/finance/download/TGKA.JK?period1=1514739600&period2=1527181200&interval=1d&events=history&crumb=uGMY0JmMIQu
TGRA,https://query1.finance.yahoo.com/v7/finance/download/TGRA.JK?period1=1514739600&period2=1527181200&interval=1d&events=history&crumb=uGMY0JmMIQu
TIFA,https://query1.finance.yahoo.com/v7/finance/download/TIFA.JK?period1=1514739600&period2=1527181200&interval=1d&events=history&crumb=uGMY0JmMIQu
TINS,https://query1.finance.yahoo.com/v7/finance/download/TINS.JK?period1=1514739600&period2=1527181200&interval=1d&events=history&crumb=uGMY0JmMIQu
TIRA,https://query1.finance.yahoo.com/v7/finance/download/TIRA.JK?period1=1514739600&period2=1527181200&interval=1d&events=history&crumb=uGMY0JmMIQu
TIRT,https://query1.finance.yahoo.com/v7/finance/download/TIRT.JK?period1=1514739600&period2=1527181200&interval=1d&events=history&crumb=uGMY0JmMIQu
TKGA,https://query1.finance.yahoo.com/v7/finance/download/TKGA.JK?period1=1514739600&period2=1527181200&interval=1d&events=history&crumb=uGMY0JmMIQu
TKIM,https://query1.finance.yahoo.com/v7/finance/download/TKIM.JK?period1=1514739600&period2=1527181200&interval=1d&events=history&crumb=uGMY0JmMIQu
TLKM,https://query1.finance.yahoo.com/v7/finance/download/TLKM.JK?period1=1514739600&period2=1527181200&interval=1d&events=history&crumb=uGMY0JmMIQu
TMAS,https://query1.finance.yahoo.com/v7/finance/download/TMAS.JK?period1=1514739600&period2=1527181200&interval=1d&events=history&crumb=uGMY0JmMIQu
TMPI,https://query1.finance.yahoo.com/v7/finance/download/TMPI.JK?period1=1514739600&period2=1527181200&interval=1d&events=history&crumb=uGMY0JmMIQu
TMPO,https://query1.finance.yahoo.com/v7/finance/download/TMPO.JK?period1=1514739600&period2=1527181200&interval=1d&events=history&crumb=uGMY0JmMIQu
TOBA,https://query1.finance.yahoo.com/v7/finance/download/TOBA.JK?period1=1514739600&period2=1527181200&interval=1d&events=history&crumb=uGMY0JmMIQu
TOPS,https://query1.finance.yahoo.com/v7/finance/download/TOPS.JK?period1=1514739600&period2=1527181200&interval=1d&events=history&crumb=uGMY0JmMIQu
TOTL,https://query1.finance.yahoo.com/v7/finance/download/TOTL.JK?period1=1514739600&period2=1527181200&interval=1d&events=history&crumb=uGMY0JmMIQu
TOTO,https://query1.finance.yahoo.com/v7/finance/download/TOTO.JK?period1=1514739600&period2=1527181200&interval=1d&events=history&crumb=uGMY0JmMIQu
TOWR,https://query1.finance.yahoo.com/v7/finance/download/TOWR.JK?period1=1514739600&period2=1527181200&interval=1d&events=history&crumb=uGMY0JmMIQu
TPIA,https://query1.finance.yahoo.com/v7/finance/download/TPIA.JK?period1=1514739600&period2=1527181200&interval=1d&events=history&crumb=uGMY0JmMIQu
TPMA,https://query1.finance.yahoo.com/v7/finance/download/TPMA.JK?period1=1514739600&period2=1527181200&interval=1d&events=history&crumb=uGMY0JmMIQu
TRAM,https://query1.finance.yahoo.com/v7/finance/download/TRAM.JK?period1=1514739600&period2=1527181200&interval=1d&events=history&crumb=uGMY0JmMIQu
TRIL,https://query1.finance.yahoo.com/v7/finance/download/TRIL.JK?period1=1514739600&period2=1527181200&interval=1d&events=history&crumb=uGMY0JmMIQu
TRIM,https://query1.finance.yahoo.com/v7/finance/download/TRIM.JK?period1=1514739600&period2=1527181200&interval=1d&events=history&crumb=uGMY0JmMIQu
TRIO,https://query1.finance.yahoo.com/v7/finance/download/TRIO.JK?period1=1514739600&period2=1527181200&interval=1d&events=history&crumb=uGMY0JmMIQu
TRIS,https://query1.finance.yahoo.com/v7/finance/download/TRIS.JK?period1=1514739600&period2=1527181200&interval=1d&events=history&crumb=uGMY0JmMIQu
TRST,https://query1.finance.yahoo.com/v7/finance/download/TRST.JK?period1=1514739600&period2=1527181200&interval=1d&events=history&crumb=uGMY0JmMIQu
TRUB,https://query1.finance.yahoo.com/v7/finance/download/TRUB.JK?period1=1514739600&period2=1527181200&interval=1d&events=history&crumb=uGMY0JmMIQu
TRUS,https://query1.finance.yahoo.com/v7/finance/download/TRUS.JK?period1=1514739600&period2=1527181200&interval=1d&events=history&crumb=uGMY0JmMIQu
TSPC,https://query1.finance.yahoo.com/v7/finance/download/TSPC.JK?period1=1514739600&period2=1527181200&interval=1d&events=history&crumb=uGMY0JmMIQu
TURI,https://query1.finance.yahoo.com/v7/finance/download/TURI.JK?period1=1514739600&period2=1527181200&interval=1d&events=history&crumb=uGMY0JmMIQu
ULTJ,https://query1.finance.yahoo.com/v7/finance/download/ULTJ.JK?period1=1514739600&period2=1527181200&interval=1d&events=history&crumb=uGMY0JmMIQu
UNIC,https://query1.finance.yahoo.com/v7/finance/download/UNIC.JK?period1=1514739600&period2=1527181200&interval=1d&events=history&crumb=uGMY0JmMIQu
UNIT,https://query1.finance.yahoo.com/v7/finance/download/UNIT.JK?period1=1514739600&period2=1527181200&interval=1d&events=history&crumb=uGMY0JmMIQu
UNSP,https://query1.finance.yahoo.com/v7/finance/download/UNSP.JK?period1=1514739600&period2=1527181200&interval=1d&events=history&crumb=uGMY0JmMIQu
UNTR,https://query1.finance.yahoo.com/v7/finance/download/UNTR.JK?period1=1514739600&period2=1527181200&interval=1d&events=history&crumb=uGMY0JmMIQu
UNTX,https://query1.finance.yahoo.com/v7/finance/download/UNTX.JK?period1=1514739600&period2=1527181200&interval=1d&events=history&crumb=uGMY0JmMIQu
UNVR,https://query1.finance.yahoo.com/v7/finance/download/UNVR.JK?period1=1514739600&period2=1527181200&interval=1d&events=history&crumb=uGMY0JmMIQu
VICO,https://query1.finance.yahoo.com/v7/finance/download/VICO.JK?period1=1514739600&period2=1527181200&interval=1d&events=history&crumb=uGMY0JmMIQu
VINS,https://query1.finance.yahoo.com/v7/finance/download/VINS.JK?period1=1514739600&period2=1527181200&interval=1d&events=history&crumb=uGMY0JmMIQu
VINS-W,https://query1.finance.yahoo.com/v7/finance/download/VINS-W.JK?period1=1514739600&period2=1527181200&interval=1d&events=history&crumb=uGMY0JmMIQu
VIVA,https://query1.finance.yahoo.com/v7/finance/download/VIVA.JK?period1=1514739600&period2=1527181200&interval=1d&events=history&crumb=uGMY0JmMIQu
VOKS,https://query1.finance.yahoo.com/v7/finance/download/VOKS.JK?period1=1514739600&period2=1527181200&interval=1d&events=history&crumb=uGMY0JmMIQu
VRNA,https://query1.finance.yahoo.com/v7/finance/download/VRNA.JK?period1=1514739600&period2=1527181200&interval=1d&events=history&crumb=uGMY0JmMIQu
WAPO,https://query1.finance.yahoo.com/v7/finance/download/WAPO.JK?period1=1514739600&period2=1527181200&interval=1d&events=history&crumb=uGMY0JmMIQu
WEGE,https://query1.finance.yahoo.com/v7/finance/download/WEGE.JK?period1=1514739600&period2=1527181200&interval=1d&events=history&crumb=uGMY0JmMIQu
WEHA,https://query1.finance.yahoo.com/v7/finance/download/WEHA.JK?period1=1514739600&period2=1527181200&interval=1d&events=history&crumb=uGMY0JmMIQu
WICO,https://query1.finance.yahoo.com/v7/finance/download/WICO.JK?period1=1514739600&period2=1527181200&interval=1d&events=history&crumb=uGMY0JmMIQu
WIIM,https://query1.finance.yahoo.com/v7/finance/download/WIIM.JK?period1=1514739600&period2=1527181200&interval=1d&events=history&crumb=uGMY0JmMIQu
WIKA,https://query1.finance.yahoo.com/v7/finance/download/WIKA.JK?period1=1514739600&period2=1527181200&interval=1d&events=history&crumb=uGMY0JmMIQu
WINS,https://query1.finance.yahoo.com/v7/finance/download/WINS.JK?period1=1514739600&period2=1527181200&interval=1d&events=history&crumb=uGMY0JmMIQu
WOMF,https://query1.finance.yahoo.com/v7/finance/download/WOMF.JK?period1=1514739600&period2=1527181200&interval=1d&events=history&crumb=uGMY0JmMIQu
WOOD,https://query1.finance.yahoo.com/v7/finance/download/WOOD.JK?period1=1514739600&period2=1527181200&interval=1d&events=history&crumb=uGMY0JmMIQu
WSBP,https://query1.finance.yahoo.com/v7/finance/download/WSBP.JK?period1=1514739600&period2=1527181200&interval=1d&events=history&crumb=uGMY0JmMIQu
WSKT,https://query1.finance.yahoo.com/v7/finance/download/WSKT.JK?period1=1514739600&period2=1527181200&interval=1d&events=history&crumb=uGMY0JmMIQu
WTON,https://query1.finance.yahoo.com/v7/finance/download/WTON.JK?period1=1514739600&period2=1527181200&interval=1d&events=history&crumb=uGMY0JmMIQu
YPAS,https://query1.finance.yahoo.com/v7/finance/download/YPAS.JK?period1=1514739600&period2=1527181200&interval=1d&events=history&crumb=uGMY0JmMIQu
YULE,https://query1.finance.yahoo.com/v7/finance/download/YULE.JK?period1=1514739600&period2=1527181200&interval=1d&events=history&crumb=uGMY0JmMIQu
ZBRA,https://query1.finance.yahoo.com/v7/finance/download/ZBRA.JK?period1=1514739600&period2=1527181200&interval=1d&events=history&crumb=uGMY0JmMIQu
ZINC,https://query1.finance.yahoo.com/v7/finance/download/ZINC.JK?period1=1514739600&period2=1527181200&interval=1d&events=history&crumb=uGMY0JmMIQu
